is_demo_data,record_id,centre_id,centre_name,distance_km,crop_type,quantity_kg,time_slot,weighbridges_active,centre_capacity_mt,current_utilization_ratio,queue_length_at_arrival,diversion_active,crop_compatible,actual_wait_time_minutes,disclaimer
TRUE,DEMO-00001,C-06,Centre F - Guskara Sub-Mandi,33.9,Potato,1010.0,08:00 - 10:00,2,40,0.27,1,1,0,32.9,SYNTHETIC DEMO LOG FOR DEVELOPMENT/TESTING ONLY
TRUE,DEMO-00002,C-05,Centre E - Kalyani Storage & Hub,3.3,Mustard,920.0,08:00 - 10:00,2,50,0.57,1,0,1,6.0,SYNTHETIC DEMO LOG FOR DEVELOPMENT/TESTING ONLY
TRUE,DEMO-00003,C-02,Centre B - Singur Agro Hub,11.5,Maize,2140.0,14:00 - 16:00,4,100,0.82,0,0,0,12.7,SYNTHETIC DEMO LOG FOR DEVELOPMENT/TESTING ONLY
TRUE,DEMO-00004,C-03,Centre C - Memari Procurement Depot,11.3,Wheat,2720.0,10:00 - 12:00,2,60,0.23,5,0,0,34.9,SYNTHETIC DEMO LOG FOR DEVELOPMENT/TESTING ONLY
TRUE,DEMO-00005,C-03,Centre C - Memari Procurement Depot,13.4,Wheat,340.0,16:00 - 18:00,2,60,0.53,1,0,0,7.3,SYNTHETIC DEMO LOG FOR DEVELOPMENT/TESTING ONLY
TRUE,DEMO-00006,C-03,Centre C - Memari Procurement Depot,26.8,Maize,2530.0,12:00 - 14:00,2,60,0.19,2,0,1,26.7,SYNTHETIC DEMO LOG FOR DEVELOPMENT/TESTING ONLY
TRUE,DEMO-00007,C-03,Centre C - Memari Procurement Depot,39.3,Potato,1450.0,10:00 - 12:00,2,60,0.53,10,0,1,48.1,SYNTHETIC DEMO LOG FOR DEVELOPMENT/TESTING ONLY
TRUE,DEMO-00008,C-06,Centre F - Guskara Sub-Mandi,28.2,Wheat,760.0,08:00 - 10:00,2,40,0.76,2,1,0,36.6,SYNTHETIC DEMO LOG FOR DEVELOPMENT/TESTING ONLY
TRUE,DEMO-00009,C-04,Centre D - Ranaghat Krishak Mandi,11.4,Wheat,1270.0,16:00 - 18:00,3,90,0.79,0,0,1,11.4,SYNTHETIC DEMO LOG FOR DEVELOPMENT/TESTING ONLY
TRUE,DEMO-00010,C-04,Centre D - Ranaghat Krishak Mandi,11.1,Wheat,3310.0,08:00 - 10:00,3,90,0.88,12,0,1,61.6,SYNTHETIC DEMO LOG FOR DEVELOPMENT/TESTING ONLY
TRUE,DEMO-00011,C-04,Centre D - Ranaghat Krishak Mandi,8.1,Mustard,660.0,14:00 - 16:00,3,90,0.77,3,0,1,11.6,SYNTHETIC DEMO LOG FOR DEVELOPMENT/TESTING ONLY
TRUE,DEMO-00012,C-05,Centre E - Kalyani Storage & Hub,11.4,Mustard,3490.0,12:00 - 14:00,2,50,0.57,1,0,1,24.1,SYNTHETIC DEMO LOG FOR DEVELOPMENT/TESTING ONLY
TRUE,DEMO-00013,C-01,Centre A - Burdwan Mandi,29.0,Potato,2810.0,10:00 - 12:00,3,80,0.5,2,0,1,15.6,SYNTHETIC DEMO LOG FOR DEVELOPMENT/TESTING ONLY
TRUE,DEMO-00014,C-05,Centre E - Kalyani Storage & Hub,39.0,Wheat,240.0,16:00 - 18:00,2,50,0.75,3,0,1,18.9,SYNTHETIC DEMO LOG FOR DEVELOPMENT/TESTING ONLY
TRUE,DEMO-00015,C-05,Centre E - Kalyani Storage & Hub,6.8,Wheat,1630.0,12:00 - 14:00,2,50,0.53,7,0,1,37.3,SYNTHETIC DEMO LOG FOR DEVELOPMENT/TESTING ONLY
TRUE,DEMO-00016,C-05,Centre E - Kalyani Storage & Hub,41.2,Paddy,3070.0,16:00 - 18:00,2,50,0.4,3,0,1,29.7,SYNTHETIC DEMO LOG FOR DEVELOPMENT/TESTING ONLY
TRUE,DEMO-00017,C-05,Centre E - Kalyani Storage & Hub,18.1,Paddy,730.0,10:00 - 12:00,2,50,0.94,15,1,1,89.6,SYNTHETIC DEMO LOG FOR DEVELOPMENT/TESTING ONLY
TRUE,DEMO-00018,C-01,Centre A - Burdwan Mandi,12.3,Wheat,990.0,12:00 - 14:00,3,80,0.62,1,0,1,6.7,SYNTHETIC DEMO LOG FOR DEVELOPMENT/TESTING ONLY
TRUE,DEMO-00019,C-06,Centre F - Guskara Sub-Mandi,44.1,Mustard,1960.0,08:00 - 10:00,2,40,0.25,6,1,1,61.3,SYNTHETIC DEMO LOG FOR DEVELOPMENT/TESTING ONLY
TRUE,DEMO-00020,C-05,Centre E - Kalyani Storage & Hub,43.5,Maize,3270.0,14:00 - 16:00,2,50,0.78,4,0,1,35.6,SYNTHETIC DEMO LOG FOR DEVELOPMENT/TESTING ONLY
TRUE,DEMO-00021,C-06,Centre F - Guskara Sub-Mandi,44.8,Wheat,2340.0,14:00 - 16:00,2,40,0.51,3,1,0,54.3,SYNTHETIC DEMO LOG FOR DEVELOPMENT/TESTING ONLY
TRUE,DEMO-00022,C-03,Centre C - Memari Procurement Depot,25.8,Potato,2140.0,16:00 - 18:00,2,60,0.16,3,0,1,29.1,SYNTHETIC DEMO LOG FOR DEVELOPMENT/TESTING ONLY
TRUE,DEMO-00023,C-01,Centre A - Burdwan Mandi,40.9,Paddy,3040.0,08:00 - 10:00,3,80,0.21,2,0,1,23.4,SYNTHETIC DEMO LOG FOR DEVELOPMENT/TESTING ONLY
TRUE,DEMO-00024,C-02,Centre B - Singur Agro Hub,22.3,Maize,2790.0,16:00 - 18:00,4,100,0.82,1,0,0,14.4,SYNTHETIC DEMO LOG FOR DEVELOPMENT/TESTING ONLY
TRUE,DEMO-00025,C-01,Centre A - Burdwan Mandi,20.2,Mustard,1740.0,12:00 - 14:00,3,80,0.76,5,0,1,24.3,SYNTHETIC DEMO LOG FOR DEVELOPMENT/TESTING ONLY
TRUE,DEMO-00026,C-04,Centre D - Ranaghat Krishak Mandi,12.7,Wheat,830.0,08:00 - 10:00,3,90,0.52,4,0,1,15.1,SYNTHETIC DEMO LOG FOR DEVELOPMENT/TESTING ONLY
TRUE,DEMO-00027,C-03,Centre C - Memari Procurement Depot,39.6,Mustard,450.0,10:00 - 12:00,2,60,0.82,10,0,0,42.2,SYNTHETIC DEMO LOG FOR DEVELOPMENT/TESTING ONLY
TRUE,DEMO-00028,C-05,Centre E - Kalyani Storage & Hub,41.8,Potato,3000.0,08:00 - 10:00,2,50,0.29,4,0,1,36.9,SYNTHETIC DEMO LOG FOR DEVELOPMENT/TESTING ONLY
TRUE,DEMO-00029,C-02,Centre B - Singur Agro Hub,9.1,Mustard,210.0,08:00 - 10:00,4,100,0.47,8,0,1,15.6,SYNTHETIC DEMO LOG FOR DEVELOPMENT/TESTING ONLY
TRUE,DEMO-00030,C-06,Centre F - Guskara Sub-Mandi,8.7,Maize,1180.0,14:00 - 16:00,2,40,0.95,12,1,0,85.8,SYNTHETIC DEMO LOG FOR DEVELOPMENT/TESTING ONLY
TRUE,DEMO-00031,C-01,Centre A - Burdwan Mandi,4.2,Wheat,1770.0,08:00 - 10:00,3,80,0.91,9,1,1,68.7,SYNTHETIC DEMO LOG FOR DEVELOPMENT/TESTING ONLY
TRUE,DEMO-00032,C-02,Centre B - Singur Agro Hub,4.9,Potato,3040.0,16:00 - 18:00,4,100,0.49,4,0,1,22.5,SYNTHETIC DEMO LOG FOR DEVELOPMENT/TESTING ONLY
TRUE,DEMO-00033,C-05,Centre E - Kalyani Storage & Hub,27.6,Paddy,2240.0,16:00 - 18:00,2,50,0.5,3,0,1,18.8,SYNTHETIC DEMO LOG FOR DEVELOPMENT/TESTING ONLY
TRUE,DEMO-00034,C-02,Centre B - Singur Agro Hub,13.4,Wheat,630.0,10:00 - 12:00,4,100,0.69,6,0,0,12.8,SYNTHETIC DEMO LOG FOR DEVELOPMENT/TESTING ONLY
TRUE,DEMO-00035,C-01,Centre A - Burdwan Mandi,28.7,Potato,2060.0,14:00 - 16:00,3,80,0.23,3,0,1,18.8,SYNTHETIC DEMO LOG FOR DEVELOPMENT/TESTING ONLY
TRUE,DEMO-00036,C-03,Centre C - Memari Procurement Depot,17.9,Potato,720.0,10:00 - 12:00,2,60,0.84,8,0,1,33.7,SYNTHETIC DEMO LOG FOR DEVELOPMENT/TESTING ONLY
TRUE,DEMO-00037,C-05,Centre E - Kalyani Storage & Hub,30.7,Maize,2030.0,08:00 - 10:00,2,50,0.92,6,1,1,69.2,SYNTHETIC DEMO LOG FOR DEVELOPMENT/TESTING ONLY
TRUE,DEMO-00038,C-06,Centre F - Guskara Sub-Mandi,13.7,Maize,2200.0,10:00 - 12:00,2,40,0.75,3,1,0,57.7,SYNTHETIC DEMO LOG FOR DEVELOPMENT/TESTING ONLY
TRUE,DEMO-00039,C-06,Centre F - Guskara Sub-Mandi,23.0,Wheat,3190.0,16:00 - 18:00,2,40,0.85,0,1,0,48.2,SYNTHETIC DEMO LOG FOR DEVELOPMENT/TESTING ONLY
TRUE,DEMO-00040,C-01,Centre A - Burdwan Mandi,29.4,Wheat,1060.0,10:00 - 12:00,3,80,0.77,7,0,1,24.3,SYNTHETIC DEMO LOG FOR DEVELOPMENT/TESTING ONLY
TRUE,DEMO-00041,C-04,Centre D - Ranaghat Krishak Mandi,6.8,Maize,3320.0,08:00 - 10:00,3,90,0.72,2,0,0,31.0,SYNTHETIC DEMO LOG FOR DEVELOPMENT/TESTING ONLY
TRUE,DEMO-00042,C-05,Centre E - Kalyani Storage & Hub,7.5,Paddy,1220.0,14:00 - 16:00,2,50,0.9,15,0,1,76.4,SYNTHETIC DEMO LOG FOR DEVELOPMENT/TESTING ONLY
TRUE,DEMO-00043,C-01,Centre A - Burdwan Mandi,31.3,Wheat,2400.0,10:00 - 12:00,3,80,0.44,7,0,1,37.6,SYNTHETIC DEMO LOG FOR DEVELOPMENT/TESTING ONLY
TRUE,DEMO-00044,C-06,Centre F - Guskara Sub-Mandi,39.2,Paddy,3420.0,10:00 - 12:00,2,40,0.82,10,1,1,81.8,SYNTHETIC DEMO LOG FOR DEVELOPMENT/TESTING ONLY
TRUE,DEMO-00045,C-01,Centre A - Burdwan Mandi,35.6,Paddy,1560.0,12:00 - 14:00,3,80,0.71,6,0,1,24.2,SYNTHETIC DEMO LOG FOR DEVELOPMENT/TESTING ONLY
TRUE,DEMO-00046,C-06,Centre F - Guskara Sub-Mandi,39.5,Potato,3030.0,14:00 - 16:00,2,40,0.33,5,1,0,68.1,SYNTHETIC DEMO LOG FOR DEVELOPMENT/TESTING ONLY
TRUE,DEMO-00047,C-04,Centre D - Ranaghat Krishak Mandi,37.3,Wheat,3080.0,12:00 - 14:00,3,90,0.34,5,0,1,31.6,SYNTHETIC DEMO LOG FOR DEVELOPMENT/TESTING ONLY
TRUE,DEMO-00048,C-01,Centre A - Burdwan Mandi,29.6,Wheat,1520.0,12:00 - 14:00,3,80,0.96,8,1,1,65.0,SYNTHETIC DEMO LOG FOR DEVELOPMENT/TESTING ONLY
TRUE,DEMO-00049,C-01,Centre A - Burdwan Mandi,27.0,Wheat,3450.0,10:00 - 12:00,3,80,0.18,7,0,1,35.8,SYNTHETIC DEMO LOG FOR DEVELOPMENT/TESTING ONLY
TRUE,DEMO-00050,C-04,Centre D - Ranaghat Krishak Mandi,7.0,Maize,3170.0,16:00 - 18:00,3,90,0.31,0,0,0,26.9,SYNTHETIC DEMO LOG FOR DEVELOPMENT/TESTING ONLY
TRUE,DEMO-00051,C-04,Centre D - Ranaghat Krishak Mandi,41.8,Potato,1980.0,16:00 - 18:00,3,90,0.75,3,0,0,19.7,SYNTHETIC DEMO LOG FOR DEVELOPMENT/TESTING ONLY
TRUE,DEMO-00052,C-01,Centre A - Burdwan Mandi,15.5,Wheat,3000.0,16:00 - 18:00,3,80,0.75,1,0,1,19.3,SYNTHETIC DEMO LOG FOR DEVELOPMENT/TESTING ONLY
TRUE,DEMO-00053,C-03,Centre C - Memari Procurement Depot,19.3,Mustard,1180.0,12:00 - 14:00,2,60,0.26,3,0,0,24.1,SYNTHETIC DEMO LOG FOR DEVELOPMENT/TESTING ONLY
TRUE,DEMO-00054,C-02,Centre B - Singur Agro Hub,14.9,Maize,2010.0,16:00 - 18:00,4,100,0.15,1,0,0,10.6,SYNTHETIC DEMO LOG FOR DEVELOPMENT/TESTING ONLY
TRUE,DEMO-00055,C-04,Centre D - Ranaghat Krishak Mandi,30.2,Maize,1730.0,16:00 - 18:00,3,90,0.52,1,0,0,8.3,SYNTHETIC DEMO LOG FOR DEVELOPMENT/TESTING ONLY
TRUE,DEMO-00056,C-06,Centre F - Guskara Sub-Mandi,14.2,Paddy,2390.0,08:00 - 10:00,2,40,0.66,1,1,1,47.3,SYNTHETIC DEMO LOG FOR DEVELOPMENT/TESTING ONLY
TRUE,DEMO-00057,C-02,Centre B - Singur Agro Hub,36.7,Wheat,690.0,10:00 - 12:00,4,100,0.19,11,0,0,18.9,SYNTHETIC DEMO LOG FOR DEVELOPMENT/TESTING ONLY
TRUE,DEMO-00058,C-04,Centre D - Ranaghat Krishak Mandi,10.4,Mustard,2500.0,16:00 - 18:00,3,90,0.56,1,0,1,16.8,SYNTHETIC DEMO LOG FOR DEVELOPMENT/TESTING ONLY
TRUE,DEMO-00059,C-06,Centre F - Guskara Sub-Mandi,35.5,Potato,920.0,08:00 - 10:00,2,40,0.82,6,1,0,46.0,SYNTHETIC DEMO LOG FOR DEVELOPMENT/TESTING ONLY
TRUE,DEMO-00060,C-01,Centre A - Burdwan Mandi,36.5,Mustard,2400.0,10:00 - 12:00,3,80,0.97,17,1,1,91.1,SYNTHETIC DEMO LOG FOR DEVELOPMENT/TESTING ONLY
TRUE,DEMO-00061,C-04,Centre D - Ranaghat Krishak Mandi,20.3,Maize,3190.0,16:00 - 18:00,3,90,0.52,1,0,0,27.1,SYNTHETIC DEMO LOG FOR DEVELOPMENT/TESTING ONLY
TRUE,DEMO-00062,C-02,Centre B - Singur Agro Hub,22.8,Wheat,990.0,16:00 - 18:00,4,100,0.52,3,0,0,7.9,SYNTHETIC DEMO LOG FOR DEVELOPMENT/TESTING ONLY
TRUE,DEMO-00063,C-02,Centre B - Singur Agro Hub,15.7,Wheat,1980.0,12:00 - 14:00,4,100,0.26,2,0,0,12.2,SYNTHETIC DEMO LOG FOR DEVELOPMENT/TESTING ONLY
TRUE,DEMO-00064,C-01,Centre A - Burdwan Mandi,16.2,Mustard,1740.0,14:00 - 16:00,3,80,0.2,5,0,1,18.6,SYNTHETIC DEMO LOG FOR DEVELOPMENT/TESTING ONLY
TRUE,DEMO-00065,C-04,Centre D - Ranaghat Krishak Mandi,38.8,Maize,2730.0,08:00 - 10:00,3,90,0.47,1,0,0,18.7,SYNTHETIC DEMO LOG FOR DEVELOPMENT/TESTING ONLY
TRUE,DEMO-00066,C-04,Centre D - Ranaghat Krishak Mandi,36.4,Maize,3160.0,16:00 - 18:00,3,90,0.56,1,0,0,28.8,SYNTHETIC DEMO LOG FOR DEVELOPMENT/TESTING ONLY
TRUE,DEMO-00067,C-04,Centre D - Ranaghat Krishak Mandi,16.5,Potato,2440.0,14:00 - 16:00,3,90,0.49,1,0,0,18.1,SYNTHETIC DEMO LOG FOR DEVELOPMENT/TESTING ONLY
TRUE,DEMO-00068,C-05,Centre E - Kalyani Storage & Hub,41.0,Maize,2150.0,08:00 - 10:00,2,50,0.7,1,0,1,18.4,SYNTHETIC DEMO LOG FOR DEVELOPMENT/TESTING ONLY
TRUE,DEMO-00069,C-04,Centre D - Ranaghat Krishak Mandi,9.8,Paddy,1060.0,14:00 - 16:00,3,90,0.42,3,0,1,11.3,SYNTHETIC DEMO LOG FOR DEVELOPMENT/TESTING ONLY
TRUE,DEMO-00070,C-03,Centre C - Memari Procurement Depot,37.9,Mustard,1750.0,12:00 - 14:00,2,60,0.77,1,0,0,22.8,SYNTHETIC DEMO LOG FOR DEVELOPMENT/TESTING ONLY
TRUE,DEMO-00071,C-03,Centre C - Memari Procurement Depot,35.6,Paddy,2350.0,08:00 - 10:00,2,60,0.78,8,0,1,47.0,SYNTHETIC DEMO LOG FOR DEVELOPMENT/TESTING ONLY
TRUE,DEMO-00072,C-02,Centre B - Singur Agro Hub,22.4,Paddy,580.0,10:00 - 12:00,4,100,0.94,12,1,1,59.6,SYNTHETIC DEMO LOG FOR DEVELOPMENT/TESTING ONLY
TRUE,DEMO-00073,C-03,Centre C - Memari Procurement Depot,28.1,Paddy,2670.0,16:00 - 18:00,2,60,0.25,4,0,1,36.8,SYNTHETIC DEMO LOG FOR DEVELOPMENT/TESTING ONLY
TRUE,DEMO-00074,C-01,Centre A - Burdwan Mandi,31.1,Wheat,3360.0,16:00 - 18:00,3,80,0.48,3,0,1,28.5,SYNTHETIC DEMO LOG FOR DEVELOPMENT/TESTING ONLY
TRUE,DEMO-00075,C-01,Centre A - Burdwan Mandi,6.4,Maize,2750.0,10:00 - 12:00,3,80,0.86,11,0,1,59.7,SYNTHETIC DEMO LOG FOR DEVELOPMENT/TESTING ONLY
TRUE,DEMO-00076,C-01,Centre A - Burdwan Mandi,20.4,Wheat,1420.0,16:00 - 18:00,3,80,0.57,2,0,1,10.2,SYNTHETIC DEMO LOG FOR DEVELOPMENT/TESTING ONLY
TRUE,DEMO-00077,C-04,Centre D - Ranaghat Krishak Mandi,20.6,Mustard,1400.0,08:00 - 10:00,3,90,0.89,9,0,1,41.5,SYNTHETIC DEMO LOG FOR DEVELOPMENT/TESTING ONLY
TRUE,DEMO-00078,C-06,Centre F - Guskara Sub-Mandi,36.8,Wheat,1980.0,16:00 - 18:00,2,40,0.55,2,1,0,47.7,SYNTHETIC DEMO LOG FOR DEVELOPMENT/TESTING ONLY
TRUE,DEMO-00079,C-06,Centre F - Guskara Sub-Mandi,15.9,Maize,1010.0,12:00 - 14:00,2,40,0.93,9,1,0,76.2,SYNTHETIC DEMO LOG FOR DEVELOPMENT/TESTING ONLY
TRUE,DEMO-00080,C-05,Centre E - Kalyani Storage & Hub,3.2,Mustard,3010.0,12:00 - 14:00,2,50,0.3,2,0,1,30.8,SYNTHETIC DEMO LOG FOR DEVELOPMENT/TESTING ONLY
TRUE,DEMO-00081,C-03,Centre C - Memari Procurement Depot,39.9,Wheat,2510.0,12:00 - 14:00,2,60,0.38,1,0,0,24.8,SYNTHETIC DEMO LOG FOR DEVELOPMENT/TESTING ONLY
TRUE,DEMO-00082,C-06,Centre F - Guskara Sub-Mandi,25.9,Mustard,990.0,14:00 - 16:00,2,40,0.55,4,1,1,43.0,SYNTHETIC DEMO LOG FOR DEVELOPMENT/TESTING ONLY
TRUE,DEMO-00083,C-04,Centre D - Ranaghat Krishak Mandi,14.7,Potato,1530.0,08:00 - 10:00,3,90,0.35,6,0,0,22.3,SYNTHETIC DEMO LOG FOR DEVELOPMENT/TESTING ONLY
TRUE,DEMO-00084,C-03,Centre C - Memari Procurement Depot,16.2,Mustard,2520.0,16:00 - 18:00,2,60,0.37,1,0,0,26.5,SYNTHETIC DEMO LOG FOR DEVELOPMENT/TESTING ONLY
TRUE,DEMO-00085,C-01,Centre A - Burdwan Mandi,7.1,Paddy,1970.0,12:00 - 14:00,3,80,0.78,2,0,1,18.2,SYNTHETIC DEMO LOG FOR DEVELOPMENT/TESTING ONLY
TRUE,DEMO-00086,C-06,Centre F - Guskara Sub-Mandi,27.7,Maize,3440.0,16:00 - 18:00,2,40,0.84,1,1,0,59.6,SYNTHETIC DEMO LOG FOR DEVELOPMENT/TESTING ONLY
TRUE,DEMO-00087,C-03,Centre C - Memari Procurement Depot,2.6,Paddy,1960.0,12:00 - 14:00,2,60,0.38,7,0,1,35.8,SYNTHETIC DEMO LOG FOR DEVELOPMENT/TESTING ONLY
TRUE,DEMO-00088,C-02,Centre B - Singur Agro Hub,39.5,Mustard,2090.0,08:00 - 10:00,4,100,0.54,4,0,1,16.3,SYNTHETIC DEMO LOG FOR DEVELOPMENT/TESTING ONLY
TRUE,DEMO-00089,C-02,Centre B - Singur Agro Hub,42.5,Potato,1780.0,12:00 - 14:00,4,100,0.83,3,0,1,18.3,SYNTHETIC DEMO LOG FOR DEVELOPMENT/TESTING ONLY
TRUE,DEMO-00090,C-01,Centre A - Burdwan Mandi,36.9,Paddy,3330.0,10:00 - 12:00,3,80,0.22,4,0,1,32.9,SYNTHETIC DEMO LOG FOR DEVELOPMENT/TESTING ONLY
TRUE,DEMO-00091,C-05,Centre E - Kalyani Storage & Hub,27.6,Mustard,2240.0,16:00 - 18:00,2,50,0.79,2,0,1,24.3,SYNTHETIC DEMO LOG FOR DEVELOPMENT/TESTING ONLY
TRUE,DEMO-00092,C-05,Centre E - Kalyani Storage & Hub,26.5,Mustard,400.0,12:00 - 14:00,2,50,0.95,11,1,1,74.8,SYNTHETIC DEMO LOG FOR DEVELOPMENT/TESTING ONLY
TRUE,DEMO-00093,C-02,Centre B - Singur Agro Hub,30.4,Paddy,720.0,12:00 - 14:00,4,100,0.29,1,0,1,8.8,SYNTHETIC DEMO LOG FOR DEVELOPMENT/TESTING ONLY
TRUE,DEMO-00094,C-05,Centre E - Kalyani Storage & Hub,3.4,Mustard,1150.0,12:00 - 14:00,2,50,0.38,7,0,1,32.4,SYNTHETIC DEMO LOG FOR DEVELOPMENT/TESTING ONLY
TRUE,DEMO-00095,C-01,Centre A - Burdwan Mandi,35.9,Paddy,2260.0,12:00 - 14:00,3,80,0.7,7,0,1,27.7,SYNTHETIC DEMO LOG FOR DEVELOPMENT/TESTING ONLY
TRUE,DEMO-00096,C-06,Centre F - Guskara Sub-Mandi,37.5,Paddy,440.0,12:00 - 14:00,2,40,0.29,3,1,1,36.4,SYNTHETIC DEMO LOG FOR DEVELOPMENT/TESTING ONLY
TRUE,DEMO-00097,C-06,Centre F - Guskara Sub-Mandi,20.9,Maize,1750.0,12:00 - 14:00,2,40,0.4,3,1,0,46.6,SYNTHETIC DEMO LOG FOR DEVELOPMENT/TESTING ONLY
TRUE,DEMO-00098,C-04,Centre D - Ranaghat Krishak Mandi,3.7,Potato,1630.0,16:00 - 18:00,3,90,0.42,1,0,0,17.6,SYNTHETIC DEMO LOG FOR DEVELOPMENT/TESTING ONLY
TRUE,DEMO-00099,C-01,Centre A - Burdwan Mandi,27.2,Paddy,270.0,16:00 - 18:00,3,80,0.78,4,0,1,6.6,SYNTHETIC DEMO LOG FOR DEVELOPMENT/TESTING ONLY
TRUE,DEMO-00100,C-02,Centre B - Singur Agro Hub,30.0,Mustard,3220.0,16:00 - 18:00,4,100,0.3,3,0,1,19.6,SYNTHETIC DEMO LOG FOR DEVELOPMENT/TESTING ONLY
TRUE,DEMO-00101,C-06,Centre F - Guskara Sub-Mandi,22.2,Mustard,1550.0,08:00 - 10:00,2,40,0.42,1,1,1,39.9,SYNTHETIC DEMO LOG FOR DEVELOPMENT/TESTING ONLY
TRUE,DEMO-00102,C-04,Centre D - Ranaghat Krishak Mandi,37.0,Wheat,2020.0,14:00 - 16:00,3,90,0.53,2,0,1,21.6,SYNTHETIC DEMO LOG FOR DEVELOPMENT/TESTING ONLY
TRUE,DEMO-00103,C-03,Centre C - Memari Procurement Depot,39.2,Potato,2920.0,14:00 - 16:00,2,60,0.15,5,0,1,39.9,SYNTHETIC DEMO LOG FOR DEVELOPMENT/TESTING ONLY
TRUE,DEMO-00104,C-05,Centre E - Kalyani Storage & Hub,34.5,Wheat,2260.0,16:00 - 18:00,2,50,0.78,1,0,1,19.1,SYNTHETIC DEMO LOG FOR DEVELOPMENT/TESTING ONLY
TRUE,DEMO-00105,C-05,Centre E - Kalyani Storage & Hub,20.8,Paddy,2500.0,12:00 - 14:00,2,50,0.25,7,0,1,39.8,SYNTHETIC DEMO LOG FOR DEVELOPMENT/TESTING ONLY
TRUE,DEMO-00106,C-02,Centre B - Singur Agro Hub,2.6,Wheat,1550.0,16:00 - 18:00,4,100,0.34,4,0,0,13.7,SYNTHETIC DEMO LOG FOR DEVELOPMENT/TESTING ONLY
TRUE,DEMO-00107,C-01,Centre A - Burdwan Mandi,29.9,Mustard,710.0,08:00 - 10:00,3,80,0.92,12,1,1,66.8,SYNTHETIC DEMO LOG FOR DEVELOPMENT/TESTING ONLY
TRUE,DEMO-00108,C-04,Centre D - Ranaghat Krishak Mandi,25.7,Paddy,1470.0,14:00 - 16:00,3,90,0.92,8,1,1,69.7,SYNTHETIC DEMO LOG FOR DEVELOPMENT/TESTING ONLY
TRUE,DEMO-00109,C-01,Centre A - Burdwan Mandi,16.6,Wheat,2800.0,14:00 - 16:00,3,80,0.37,0,0,1,17.3,SYNTHETIC DEMO LOG FOR DEVELOPMENT/TESTING ONLY
TRUE,DEMO-00110,C-05,Centre E - Kalyani Storage & Hub,21.2,Mustard,1800.0,10:00 - 12:00,2,50,0.43,9,0,1,38.1,SYNTHETIC DEMO LOG FOR DEVELOPMENT/TESTING ONLY
TRUE,DEMO-00111,C-04,Centre D - Ranaghat Krishak Mandi,39.4,Mustard,3440.0,12:00 - 14:00,3,90,0.35,3,0,1,33.3,SYNTHETIC DEMO LOG FOR DEVELOPMENT/TESTING ONLY
TRUE,DEMO-00112,C-03,Centre C - Memari Procurement Depot,18.6,Mustard,2390.0,14:00 - 16:00,2,60,0.83,6,0,0,37.7,SYNTHETIC DEMO LOG FOR DEVELOPMENT/TESTING ONLY
TRUE,DEMO-00113,C-04,Centre D - Ranaghat Krishak Mandi,23.6,Potato,2150.0,10:00 - 12:00,3,90,0.87,17,0,0,75.3,SYNTHETIC DEMO LOG FOR DEVELOPMENT/TESTING ONLY
TRUE,DEMO-00114,C-01,Centre A - Burdwan Mandi,39.5,Paddy,3400.0,14:00 - 16:00,3,80,0.21,5,0,1,37.6,SYNTHETIC DEMO LOG FOR DEVELOPMENT/TESTING ONLY
TRUE,DEMO-00115,C-03,Centre C - Memari Procurement Depot,31.8,Wheat,2340.0,16:00 - 18:00,2,60,0.86,14,0,0,75.4,SYNTHETIC DEMO LOG FOR DEVELOPMENT/TESTING ONLY
TRUE,DEMO-00116,C-06,Centre F - Guskara Sub-Mandi,3.5,Mustard,430.0,16:00 - 18:00,2,40,0.67,4,1,1,36.5,SYNTHETIC DEMO LOG FOR DEVELOPMENT/TESTING ONLY
TRUE,DEMO-00117,C-02,Centre B - Singur Agro Hub,44.1,Potato,2710.0,14:00 - 16:00,4,100,0.73,1,0,1,17.1,SYNTHETIC DEMO LOG FOR DEVELOPMENT/TESTING ONLY
TRUE,DEMO-00118,C-01,Centre A - Burdwan Mandi,36.2,Potato,1170.0,12:00 - 14:00,3,80,0.46,2,0,1,14.5,SYNTHETIC DEMO LOG FOR DEVELOPMENT/TESTING ONLY
TRUE,DEMO-00119,C-05,Centre E - Kalyani Storage & Hub,31.3,Mustard,790.0,16:00 - 18:00,2,50,0.3,3,0,1,12.5,SYNTHETIC DEMO LOG FOR DEVELOPMENT/TESTING ONLY
TRUE,DEMO-00120,C-04,Centre D - Ranaghat Krishak Mandi,12.0,Maize,2310.0,10:00 - 12:00,3,90,0.53,8,0,0,38.1,SYNTHETIC DEMO LOG FOR DEVELOPMENT/TESTING ONLY
TRUE,DEMO-00121,C-04,Centre D - Ranaghat Krishak Mandi,8.8,Wheat,1660.0,16:00 - 18:00,3,90,0.44,3,0,1,16.8,SYNTHETIC DEMO LOG FOR DEVELOPMENT/TESTING ONLY
TRUE,DEMO-00122,C-03,Centre C - Memari Procurement Depot,10.6,Mustard,1470.0,12:00 - 14:00,2,60,0.55,2,0,0,16.3,SYNTHETIC DEMO LOG FOR DEVELOPMENT/TESTING ONLY
TRUE,DEMO-00123,C-05,Centre E - Kalyani Storage & Hub,14.7,Wheat,2510.0,16:00 - 18:00,2,50,0.17,4,0,1,30.8,SYNTHETIC DEMO LOG FOR DEVELOPMENT/TESTING ONLY
TRUE,DEMO-00124,C-06,Centre F - Guskara Sub-Mandi,34.0,Potato,2950.0,16:00 - 18:00,2,40,0.9,8,1,0,91.3,SYNTHETIC DEMO LOG FOR DEVELOPMENT/TESTING ONLY
TRUE,DEMO-00125,C-05,Centre E - Kalyani Storage & Hub,29.4,Wheat,2250.0,10:00 - 12:00,2,50,0.71,9,0,1,43.7,SYNTHETIC DEMO LOG FOR DEVELOPMENT/TESTING ONLY
TRUE,DEMO-00126,C-06,Centre F - Guskara Sub-Mandi,15.3,Potato,1650.0,08:00 - 10:00,2,40,0.63,6,1,0,51.9,SYNTHETIC DEMO LOG FOR DEVELOPMENT/TESTING ONLY
TRUE,DEMO-00127,C-01,Centre A - Burdwan Mandi,34.1,Wheat,780.0,12:00 - 14:00,3,80,0.26,4,0,1,18.0,SYNTHETIC DEMO LOG FOR DEVELOPMENT/TESTING ONLY
TRUE,DEMO-00128,C-03,Centre C - Memari Procurement Depot,41.3,Paddy,3320.0,12:00 - 14:00,2,60,0.95,13,1,1,106.4,SYNTHETIC DEMO LOG FOR DEVELOPMENT/TESTING ONLY
TRUE,DEMO-00129,C-03,Centre C - Memari Procurement Depot,43.4,Potato,660.0,14:00 - 16:00,2,60,0.95,14,1,1,87.9,SYNTHETIC DEMO LOG FOR DEVELOPMENT/TESTING ONLY
TRUE,DEMO-00130,C-05,Centre E - Kalyani Storage & Hub,36.0,Wheat,250.0,08:00 - 10:00,2,50,0.6,4,0,1,13.0,SYNTHETIC DEMO LOG FOR DEVELOPMENT/TESTING ONLY
TRUE,DEMO-00131,C-06,Centre F - Guskara Sub-Mandi,18.4,Wheat,2310.0,16:00 - 18:00,2,40,0.46,3,1,0,48.3,SYNTHETIC DEMO LOG FOR DEVELOPMENT/TESTING ONLY
TRUE,DEMO-00132,C-05,Centre E - Kalyani Storage & Hub,11.5,Wheat,410.0,16:00 - 18:00,2,50,0.83,4,0,1,17.5,SYNTHETIC DEMO LOG FOR DEVELOPMENT/TESTING ONLY
TRUE,DEMO-00133,C-03,Centre C - Memari Procurement Depot,8.0,Mustard,3320.0,08:00 - 10:00,2,60,0.4,4,0,0,45.7,SYNTHETIC DEMO LOG FOR DEVELOPMENT/TESTING ONLY
TRUE,DEMO-00134,C-02,Centre B - Singur Agro Hub,18.0,Mustard,3330.0,14:00 - 16:00,4,100,0.73,3,0,1,26.2,SYNTHETIC DEMO LOG FOR DEVELOPMENT/TESTING ONLY
TRUE,DEMO-00135,C-05,Centre E - Kalyani Storage & Hub,30.2,Paddy,2950.0,14:00 - 16:00,2,50,0.66,6,0,1,40.2,SYNTHETIC DEMO LOG FOR DEVELOPMENT/TESTING ONLY
TRUE,DEMO-00136,C-02,Centre B - Singur Agro Hub,42.9,Mustard,3020.0,14:00 - 16:00,4,100,0.23,4,0,1,27.2,SYNTHETIC DEMO LOG FOR DEVELOPMENT/TESTING ONLY
TRUE,DEMO-00137,C-05,Centre E - Kalyani Storage & Hub,19.1,Wheat,830.0,08:00 - 10:00,2,50,0.25,7,0,1,25.9,SYNTHETIC DEMO LOG FOR DEVELOPMENT/TESTING ONLY
TRUE,DEMO-00138,C-06,Centre F - Guskara Sub-Mandi,4.2,Maize,1300.0,08:00 - 10:00,2,40,0.97,12,1,0,90.6,SYNTHETIC DEMO LOG FOR DEVELOPMENT/TESTING ONLY
TRUE,DEMO-00139,C-01,Centre A - Burdwan Mandi,27.2,Maize,2880.0,10:00 - 12:00,3,80,0.34,9,0,1,40.7,SYNTHETIC DEMO LOG FOR DEVELOPMENT/TESTING ONLY
TRUE,DEMO-00140,C-03,Centre C - Memari Procurement Depot,25.2,Paddy,2840.0,10:00 - 12:00,2,60,0.24,10,0,1,53.8,SYNTHETIC DEMO LOG FOR DEVELOPMENT/TESTING ONLY
TRUE,DEMO-00141,C-02,Centre B - Singur Agro Hub,36.0,Potato,990.0,12:00 - 14:00,4,100,0.42,2,0,1,13.3,SYNTHETIC DEMO LOG FOR DEVELOPMENT/TESTING ONLY
TRUE,DEMO-00142,C-05,Centre E - Kalyani Storage & Hub,22.5,Potato,2770.0,08:00 - 10:00,2,50,0.58,1,0,1,23.9,SYNTHETIC DEMO LOG FOR DEVELOPMENT/TESTING ONLY
TRUE,DEMO-00143,C-05,Centre E - Kalyani Storage & Hub,3.9,Paddy,2780.0,16:00 - 18:00,2,50,0.87,9,0,1,64.9,SYNTHETIC DEMO LOG FOR DEVELOPMENT/TESTING ONLY
TRUE,DEMO-00144,C-04,Centre D - Ranaghat Krishak Mandi,31.5,Mustard,1820.0,14:00 - 16:00,3,90,0.91,5,1,1,59.0,SYNTHETIC DEMO LOG FOR DEVELOPMENT/TESTING ONLY
TRUE,DEMO-00145,C-03,Centre C - Memari Procurement Depot,4.8,Maize,1110.0,10:00 - 12:00,2,60,0.68,7,0,1,29.0,SYNTHETIC DEMO LOG FOR DEVELOPMENT/TESTING ONLY
TRUE,DEMO-00146,C-05,Centre E - Kalyani Storage & Hub,23.7,Wheat,1620.0,14:00 - 16:00,2,50,0.81,1,0,1,23.2,SYNTHETIC DEMO LOG FOR DEVELOPMENT/TESTING ONLY
TRUE,DEMO-00147,C-06,Centre F - Guskara Sub-Mandi,20.5,Maize,3130.0,10:00 - 12:00,2,40,0.49,10,1,0,80.8,SYNTHETIC DEMO LOG FOR DEVELOPMENT/TESTING ONLY
TRUE,DEMO-00148,C-03,Centre C - Memari Procurement Depot,30.6,Mustard,1440.0,12:00 - 14:00,2,60,0.28,7,0,0,38.9,SYNTHETIC DEMO LOG FOR DEVELOPMENT/TESTING ONLY
TRUE,DEMO-00149,C-01,Centre A - Burdwan Mandi,6.0,Potato,520.0,08:00 - 10:00,3,80,0.76,7,0,1,16.0,SYNTHETIC DEMO LOG FOR DEVELOPMENT/TESTING ONLY
TRUE,DEMO-00150,C-05,Centre E - Kalyani Storage & Hub,30.8,Maize,1560.0,12:00 - 14:00,2,50,0.88,14,0,1,73.2,SYNTHETIC DEMO LOG FOR DEVELOPMENT/TESTING ONLY
TRUE,DEMO-00151,C-06,Centre F - Guskara Sub-Mandi,27.8,Potato,1360.0,12:00 - 14:00,2,40,0.63,2,1,0,38.7,SYNTHETIC DEMO LOG FOR DEVELOPMENT/TESTING ONLY
TRUE,DEMO-00152,C-01,Centre A - Burdwan Mandi,17.8,Wheat,2720.0,16:00 - 18:00,3,80,0.63,3,0,1,22.9,SYNTHETIC DEMO LOG FOR DEVELOPMENT/TESTING ONLY
TRUE,DEMO-00153,C-05,Centre E - Kalyani Storage & Hub,31.0,Maize,2040.0,16:00 - 18:00,2,50,0.66,3,0,1,24.1,SYNTHETIC DEMO LOG FOR DEVELOPMENT/TESTING ONLY
TRUE,DEMO-00154,C-03,Centre C - Memari Procurement Depot,17.1,Wheat,800.0,12:00 - 14:00,2,60,0.27,5,0,0,23.2,SYNTHETIC DEMO LOG FOR DEVELOPMENT/TESTING ONLY
TRUE,DEMO-00155,C-01,Centre A - Burdwan Mandi,5.9,Paddy,1950.0,08:00 - 10:00,3,80,0.46,4,0,1,23.4,SYNTHETIC DEMO LOG FOR DEVELOPMENT/TESTING ONLY
TRUE,DEMO-00156,C-03,Centre C - Memari Procurement Depot,5.7,Maize,370.0,16:00 - 18:00,2,60,0.28,3,0,1,15.6,SYNTHETIC DEMO LOG FOR DEVELOPMENT/TESTING ONLY
TRUE,DEMO-00157,C-06,Centre F - Guskara Sub-Mandi,21.1,Potato,1600.0,12:00 - 14:00,2,40,0.65,3,1,0,46.5,SYNTHETIC DEMO LOG FOR DEVELOPMENT/TESTING ONLY
TRUE,DEMO-00158,C-03,Centre C - Memari Procurement Depot,14.2,Mustard,2440.0,08:00 - 10:00,2,60,0.55,6,0,0,44.0,SYNTHETIC DEMO LOG FOR DEVELOPMENT/TESTING ONLY
TRUE,DEMO-00159,C-01,Centre A - Burdwan Mandi,44.3,Paddy,380.0,14:00 - 16:00,3,80,0.32,6,0,1,17.0,SYNTHETIC DEMO LOG FOR DEVELOPMENT/TESTING ONLY
TRUE,DEMO-00160,C-03,Centre C - Memari Procurement Depot,2.3,Wheat,2670.0,08:00 - 10:00,2,60,0.3,4,0,0,30.3,SYNTHETIC DEMO LOG FOR DEVELOPMENT/TESTING ONLY
TRUE,DEMO-00161,C-06,Centre F - Guskara Sub-Mandi,26.0,Paddy,2400.0,16:00 - 18:00,2,40,0.44,2,1,1,49.6,SYNTHETIC DEMO LOG FOR DEVELOPMENT/TESTING ONLY
TRUE,DEMO-00162,C-04,Centre D - Ranaghat Krishak Mandi,26.8,Potato,2090.0,12:00 - 14:00,3,90,0.74,3,0,0,18.6,SYNTHETIC DEMO LOG FOR DEVELOPMENT/TESTING ONLY
TRUE,DEMO-00163,C-01,Centre A - Burdwan Mandi,43.5,Mustard,770.0,08:00 - 10:00,3,80,0.94,13,1,1,71.5,SYNTHETIC DEMO LOG FOR DEVELOPMENT/TESTING ONLY
TRUE,DEMO-00164,C-01,Centre A - Burdwan Mandi,27.3,Paddy,1930.0,14:00 - 16:00,3,80,0.48,2,0,1,16.6,SYNTHETIC DEMO LOG FOR DEVELOPMENT/TESTING ONLY
TRUE,DEMO-00165,C-03,Centre C - Memari Procurement Depot,35.5,Paddy,450.0,12:00 - 14:00,2,60,0.68,4,0,1,19.4,SYNTHETIC DEMO LOG FOR DEVELOPMENT/TESTING ONLY
TRUE,DEMO-00166,C-03,Centre C - Memari Procurement Depot,6.4,Paddy,1040.0,10:00 - 12:00,2,60,0.29,3,0,1,23.7,SYNTHETIC DEMO LOG FOR DEVELOPMENT/TESTING ONLY
TRUE,DEMO-00167,C-06,Centre F - Guskara Sub-Mandi,42.9,Potato,2270.0,10:00 - 12:00,2,40,0.54,7,1,0,62.1,SYNTHETIC DEMO LOG FOR DEVELOPMENT/TESTING ONLY
TRUE,DEMO-00168,C-05,Centre E - Kalyani Storage & Hub,39.2,Maize,2270.0,12:00 - 14:00,2,50,0.28,1,0,1,16.8,SYNTHETIC DEMO LOG FOR DEVELOPMENT/TESTING ONLY
TRUE,DEMO-00169,C-04,Centre D - Ranaghat Krishak Mandi,27.4,Wheat,1360.0,12:00 - 14:00,3,90,0.21,4,0,1,21.8,SYNTHETIC DEMO LOG FOR DEVELOPMENT/TESTING ONLY
TRUE,DEMO-00170,C-03,Centre C - Memari Procurement Depot,28.4,Potato,1870.0,08:00 - 10:00,2,60,0.53,5,0,1,33.1,SYNTHETIC DEMO LOG FOR DEVELOPMENT/TESTING ONLY
TRUE,DEMO-00171,C-06,Centre F - Guskara Sub-Mandi,41.1,Potato,2090.0,14:00 - 16:00,2,40,0.31,4,1,0,46.3,SYNTHETIC DEMO LOG FOR DEVELOPMENT/TESTING ONLY
TRUE,DEMO-00172,C-04,Centre D - Ranaghat Krishak Mandi,44.2,Potato,480.0,12:00 - 14:00,3,90,0.69,1,0,0,5.7,SYNTHETIC DEMO LOG FOR DEVELOPMENT/TESTING ONLY
TRUE,DEMO-00173,C-06,Centre F - Guskara Sub-Mandi,24.5,Mustard,2210.0,14:00 - 16:00,2,40,0.45,5,1,1,54.6,SYNTHETIC DEMO LOG FOR DEVELOPMENT/TESTING ONLY
TRUE,DEMO-00174,C-06,Centre F - Guskara Sub-Mandi,35.9,Maize,2340.0,08:00 - 10:00,2,40,0.2,1,1,0,49.1,SYNTHETIC DEMO LOG FOR DEVELOPMENT/TESTING ONLY
TRUE,DEMO-00175,C-06,Centre F - Guskara Sub-Mandi,12.8,Mustard,3010.0,12:00 - 14:00,2,40,0.95,10,1,1,96.6,SYNTHETIC DEMO LOG FOR DEVELOPMENT/TESTING ONLY
TRUE,DEMO-00176,C-02,Centre B - Singur Agro Hub,43.6,Wheat,2500.0,12:00 - 14:00,4,100,0.48,5,0,0,25.2,SYNTHETIC DEMO LOG FOR DEVELOPMENT/TESTING ONLY
TRUE,DEMO-00177,C-01,Centre A - Burdwan Mandi,18.2,Wheat,2810.0,16:00 - 18:00,3,80,0.82,3,0,1,27.6,SYNTHETIC DEMO LOG FOR DEVELOPMENT/TESTING ONLY
TRUE,DEMO-00178,C-06,Centre F - Guskara Sub-Mandi,29.8,Maize,1600.0,08:00 - 10:00,2,40,0.45,3,1,0,41.4,SYNTHETIC DEMO LOG FOR DEVELOPMENT/TESTING ONLY
TRUE,DEMO-00179,C-02,Centre B - Singur Agro Hub,42.7,Paddy,1800.0,12:00 - 14:00,4,100,0.34,1,0,1,16.2,SYNTHETIC DEMO LOG FOR DEVELOPMENT/TESTING ONLY
TRUE,DEMO-00180,C-01,Centre A - Burdwan Mandi,37.9,Maize,3120.0,16:00 - 18:00,3,80,0.18,2,0,1,27.6,SYNTHETIC DEMO LOG FOR DEVELOPMENT/TESTING ONLY
TRUE,DEMO-00181,C-05,Centre E - Kalyani Storage & Hub,18.2,Paddy,740.0,16:00 - 18:00,2,50,0.84,3,0,1,16.2,SYNTHETIC DEMO LOG FOR DEVELOPMENT/TESTING ONLY
TRUE,DEMO-00182,C-04,Centre D - Ranaghat Krishak Mandi,17.7,Potato,2570.0,14:00 - 16:00,3,90,0.95,14,1,0,84.2,SYNTHETIC DEMO LOG FOR DEVELOPMENT/TESTING ONLY
TRUE,DEMO-00183,C-06,Centre F - Guskara Sub-Mandi,25.0,Mustard,1220.0,10:00 - 12:00,2,40,0.82,6,1,1,54.1,SYNTHETIC DEMO LOG FOR DEVELOPMENT/TESTING ONLY
TRUE,DEMO-00184,C-05,Centre E - Kalyani Storage & Hub,35.1,Mustard,2770.0,14:00 - 16:00,2,50,0.57,3,0,1,26.9,SYNTHETIC DEMO LOG FOR DEVELOPMENT/TESTING ONLY
TRUE,DEMO-00185,C-02,Centre B - Singur Agro Hub,8.0,Paddy,1030.0,16:00 - 18:00,4,100,0.68,4,0,1,11.0,SYNTHETIC DEMO LOG FOR DEVELOPMENT/TESTING ONLY
TRUE,DEMO-00186,C-05,Centre E - Kalyani Storage & Hub,5.6,Potato,730.0,12:00 - 14:00,2,50,0.52,4,0,1,18.5,SYNTHETIC DEMO LOG FOR DEVELOPMENT/TESTING ONLY
TRUE,DEMO-00187,C-04,Centre D - Ranaghat Krishak Mandi,37.1,Potato,3120.0,10:00 - 12:00,3,90,0.92,12,1,0,83.0,SYNTHETIC DEMO LOG FOR DEVELOPMENT/TESTING ONLY
TRUE,DEMO-00188,C-01,Centre A - Burdwan Mandi,3.2,Wheat,3270.0,10:00 - 12:00,3,80,0.85,8,0,1,39.9,SYNTHETIC DEMO LOG FOR DEVELOPMENT/TESTING ONLY
TRUE,DEMO-00189,C-02,Centre B - Singur Agro Hub,14.3,Paddy,2940.0,08:00 - 10:00,4,100,0.73,2,0,1,17.9,SYNTHETIC DEMO LOG FOR DEVELOPMENT/TESTING ONLY
TRUE,DEMO-00190,C-01,Centre A - Burdwan Mandi,13.0,Potato,2960.0,08:00 - 10:00,3,80,0.61,6,0,1,30.1,SYNTHETIC DEMO LOG FOR DEVELOPMENT/TESTING ONLY
TRUE,DEMO-00191,C-05,Centre E - Kalyani Storage & Hub,35.4,Mustard,980.0,08:00 - 10:00,2,50,0.25,2,0,1,11.0,SYNTHETIC DEMO LOG FOR DEVELOPMENT/TESTING ONLY
TRUE,DEMO-00192,C-01,Centre A - Burdwan Mandi,27.7,Potato,250.0,14:00 - 16:00,3,80,0.58,2,0,1,5.0,SYNTHETIC DEMO LOG FOR DEVELOPMENT/TESTING ONLY
TRUE,DEMO-00193,C-02,Centre B - Singur Agro Hub,2.1,Wheat,1360.0,14:00 - 16:00,4,100,0.62,1,0,0,7.0,SYNTHETIC DEMO LOG FOR DEVELOPMENT/TESTING ONLY
TRUE,DEMO-00194,C-03,Centre C - Memari Procurement Depot,25.4,Potato,2800.0,16:00 - 18:00,2,60,0.57,0,0,1,19.2,SYNTHETIC DEMO LOG FOR DEVELOPMENT/TESTING ONLY
TRUE,DEMO-00195,C-04,Centre D - Ranaghat Krishak Mandi,44.2,Potato,1040.0,14:00 - 16:00,3,90,0.16,5,0,0,16.3,SYNTHETIC DEMO LOG FOR DEVELOPMENT/TESTING ONLY
TRUE,DEMO-00196,C-06,Centre F - Guskara Sub-Mandi,33.6,Potato,1300.0,16:00 - 18:00,2,40,0.19,2,1,0,43.4,SYNTHETIC DEMO LOG FOR DEVELOPMENT/TESTING ONLY
TRUE,DEMO-00197,C-06,Centre F - Guskara Sub-Mandi,44.2,Paddy,1780.0,14:00 - 16:00,2,40,0.3,1,1,1,38.9,SYNTHETIC DEMO LOG FOR DEVELOPMENT/TESTING ONLY
TRUE,DEMO-00198,C-01,Centre A - Burdwan Mandi,3.9,Wheat,860.0,10:00 - 12:00,3,80,0.18,11,0,1,24.2,SYNTHETIC DEMO LOG FOR DEVELOPMENT/TESTING ONLY
TRUE,DEMO-00199,C-05,Centre E - Kalyani Storage & Hub,22.4,Mustard,320.0,16:00 - 18:00,2,50,0.69,1,0,1,6.3,SYNTHETIC DEMO LOG FOR DEVELOPMENT/TESTING ONLY
TRUE,DEMO-00200,C-06,Centre F - Guskara Sub-Mandi,7.4,Wheat,1410.0,12:00 - 14:00,2,40,0.89,13,1,0,93.2,SYNTHETIC DEMO LOG FOR DEVELOPMENT/TESTING ONLY
TRUE,DEMO-00201,C-03,Centre C - Memari Procurement Depot,31.8,Paddy,1410.0,14:00 - 16:00,2,60,0.81,2,0,1,21.0,SYNTHETIC DEMO LOG FOR DEVELOPMENT/TESTING ONLY
TRUE,DEMO-00202,C-04,Centre D - Ranaghat Krishak Mandi,25.5,Maize,1260.0,10:00 - 12:00,3,90,0.22,8,0,0,29.2,SYNTHETIC DEMO LOG FOR DEVELOPMENT/TESTING ONLY
TRUE,DEMO-00203,C-03,Centre C - Memari Procurement Depot,32.9,Mustard,750.0,16:00 - 18:00,2,60,0.52,2,0,0,12.0,SYNTHETIC DEMO LOG FOR DEVELOPMENT/TESTING ONLY
TRUE,DEMO-00204,C-05,Centre E - Kalyani Storage & Hub,29.5,Mustard,2810.0,12:00 - 14:00,2,50,0.2,5,0,1,30.1,SYNTHETIC DEMO LOG FOR DEVELOPMENT/TESTING ONLY
TRUE,DEMO-00205,C-04,Centre D - Ranaghat Krishak Mandi,36.4,Wheat,2440.0,16:00 - 18:00,3,90,0.94,9,1,1,71.9,SYNTHETIC DEMO LOG FOR DEVELOPMENT/TESTING ONLY
TRUE,DEMO-00206,C-02,Centre B - Singur Agro Hub,35.5,Potato,1410.0,10:00 - 12:00,4,100,0.47,7,0,1,16.7,SYNTHETIC DEMO LOG FOR DEVELOPMENT/TESTING ONLY
TRUE,DEMO-00207,C-05,Centre E - Kalyani Storage & Hub,42.8,Paddy,1430.0,14:00 - 16:00,2,50,0.78,4,0,1,20.8,SYNTHETIC DEMO LOG FOR DEVELOPMENT/TESTING ONLY
TRUE,DEMO-00208,C-06,Centre F - Guskara Sub-Mandi,43.3,Wheat,290.0,10:00 - 12:00,2,40,0.3,6,1,0,43.2,SYNTHETIC DEMO LOG FOR DEVELOPMENT/TESTING ONLY
TRUE,DEMO-00209,C-05,Centre E - Kalyani Storage & Hub,35.3,Potato,2520.0,12:00 - 14:00,2,50,0.33,5,0,1,30.9,SYNTHETIC DEMO LOG FOR DEVELOPMENT/TESTING ONLY
TRUE,DEMO-00210,C-02,Centre B - Singur Agro Hub,38.7,Potato,1690.0,10:00 - 12:00,4,100,0.9,10,0,1,31.1,SYNTHETIC DEMO LOG FOR DEVELOPMENT/TESTING ONLY
TRUE,DEMO-00211,C-06,Centre F - Guskara Sub-Mandi,32.5,Wheat,2010.0,12:00 - 14:00,2,40,0.39,3,1,0,52.2,SYNTHETIC DEMO LOG FOR DEVELOPMENT/TESTING ONLY
TRUE,DEMO-00212,C-06,Centre F - Guskara Sub-Mandi,23.9,Paddy,600.0,12:00 - 14:00,2,40,0.32,1,1,1,33.1,SYNTHETIC DEMO LOG FOR DEVELOPMENT/TESTING ONLY
TRUE,DEMO-00213,C-04,Centre D - Ranaghat Krishak Mandi,25.8,Potato,1420.0,12:00 - 14:00,3,90,0.82,4,0,0,18.4,SYNTHETIC DEMO LOG FOR DEVELOPMENT/TESTING ONLY
TRUE,DEMO-00214,C-03,Centre C - Memari Procurement Depot,24.6,Mustard,2740.0,14:00 - 16:00,2,60,0.83,1,0,0,24.6,SYNTHETIC DEMO LOG FOR DEVELOPMENT/TESTING ONLY
TRUE,DEMO-00215,C-03,Centre C - Memari Procurement Depot,22.0,Potato,1910.0,14:00 - 16:00,2,60,0.26,5,0,1,29.0,SYNTHETIC DEMO LOG FOR DEVELOPMENT/TESTING ONLY
TRUE,DEMO-00216,C-02,Centre B - Singur Agro Hub,41.2,Mustard,380.0,16:00 - 18:00,4,100,0.25,1,0,1,5.0,SYNTHETIC DEMO LOG FOR DEVELOPMENT/TESTING ONLY
TRUE,DEMO-00217,C-02,Centre B - Singur Agro Hub,42.2,Paddy,940.0,12:00 - 14:00,4,100,0.94,10,1,1,58.7,SYNTHETIC DEMO LOG FOR DEVELOPMENT/TESTING ONLY
TRUE,DEMO-00218,C-06,Centre F - Guskara Sub-Mandi,7.4,Maize,1200.0,12:00 - 14:00,2,40,0.59,4,1,0,43.5,SYNTHETIC DEMO LOG FOR DEVELOPMENT/TESTING ONLY
TRUE,DEMO-00219,C-02,Centre B - Singur Agro Hub,8.6,Maize,2370.0,16:00 - 18:00,4,100,0.75,3,0,0,19.7,SYNTHETIC DEMO LOG FOR DEVELOPMENT/TESTING ONLY
TRUE,DEMO-00220,C-01,Centre A - Burdwan Mandi,42.8,Potato,2740.0,08:00 - 10:00,3,80,0.37,2,0,1,19.2,SYNTHETIC DEMO LOG FOR DEVELOPMENT/TESTING ONLY
TRUE,DEMO-00221,C-05,Centre E - Kalyani Storage & Hub,29.5,Mustard,1840.0,16:00 - 18:00,2,50,0.67,1,0,1,19.3,SYNTHETIC DEMO LOG FOR DEVELOPMENT/TESTING ONLY
TRUE,DEMO-00222,C-06,Centre F - Guskara Sub-Mandi,21.5,Mustard,2470.0,12:00 - 14:00,2,40,0.28,3,1,1,53.0,SYNTHETIC DEMO LOG FOR DEVELOPMENT/TESTING ONLY
TRUE,DEMO-00223,C-04,Centre D - Ranaghat Krishak Mandi,28.1,Paddy,1230.0,12:00 - 14:00,3,90,0.75,6,0,1,28.0,SYNTHETIC DEMO LOG FOR DEVELOPMENT/TESTING ONLY
TRUE,DEMO-00224,C-02,Centre B - Singur Agro Hub,26.2,Wheat,1250.0,16:00 - 18:00,4,100,0.54,1,0,0,5.0,SYNTHETIC DEMO LOG FOR DEVELOPMENT/TESTING ONLY
TRUE,DEMO-00225,C-02,Centre B - Singur Agro Hub,4.2,Paddy,3320.0,08:00 - 10:00,4,100,0.87,14,0,1,61.3,SYNTHETIC DEMO LOG FOR DEVELOPMENT/TESTING ONLY
TRUE,DEMO-00226,C-05,Centre E - Kalyani Storage & Hub,34.8,Wheat,1840.0,10:00 - 12:00,2,50,0.58,6,0,1,30.3,SYNTHETIC DEMO LOG FOR DEVELOPMENT/TESTING ONLY
TRUE,DEMO-00227,C-03,Centre C - Memari Procurement Depot,5.9,Mustard,1500.0,08:00 - 10:00,2,60,0.53,2,0,0,18.2,SYNTHETIC DEMO LOG FOR DEVELOPMENT/TESTING ONLY
TRUE,DEMO-00228,C-03,Centre C - Memari Procurement Depot,39.9,Mustard,2360.0,16:00 - 18:00,2,60,0.54,2,0,0,25.4,SYNTHETIC DEMO LOG FOR DEVELOPMENT/TESTING ONLY
TRUE,DEMO-00229,C-01,Centre A - Burdwan Mandi,39.9,Mustard,2600.0,10:00 - 12:00,3,80,0.78,5,0,1,25.4,SYNTHETIC DEMO LOG FOR DEVELOPMENT/TESTING ONLY
TRUE,DEMO-00230,C-02,Centre B - Singur Agro Hub,14.4,Wheat,1470.0,16:00 - 18:00,4,100,0.52,2,0,0,13.4,SYNTHETIC DEMO LOG FOR DEVELOPMENT/TESTING ONLY
TRUE,DEMO-00231,C-05,Centre E - Kalyani Storage & Hub,7.5,Maize,520.0,08:00 - 10:00,2,50,0.46,8,0,1,28.9,SYNTHETIC DEMO LOG FOR DEVELOPMENT/TESTING ONLY
TRUE,DEMO-00232,C-02,Centre B - Singur Agro Hub,23.9,Paddy,1850.0,16:00 - 18:00,4,100,0.19,1,0,1,10.4,SYNTHETIC DEMO LOG FOR DEVELOPMENT/TESTING ONLY
TRUE,DEMO-00233,C-03,Centre C - Memari Procurement Depot,21.7,Mustard,2200.0,16:00 - 18:00,2,60,0.58,1,0,0,19.7,SYNTHETIC DEMO LOG FOR DEVELOPMENT/TESTING ONLY
TRUE,DEMO-00234,C-05,Centre E - Kalyani Storage & Hub,16.5,Wheat,2930.0,16:00 - 18:00,2,50,0.59,3,0,1,29.3,SYNTHETIC DEMO LOG FOR DEVELOPMENT/TESTING ONLY
TRUE,DEMO-00235,C-03,Centre C - Memari Procurement Depot,17.8,Mustard,2420.0,08:00 - 10:00,2,60,0.96,15,1,0,111.8,SYNTHETIC DEMO LOG FOR DEVELOPMENT/TESTING ONLY
TRUE,DEMO-00236,C-06,Centre F - Guskara Sub-Mandi,22.4,Potato,3390.0,16:00 - 18:00,2,40,0.8,3,1,0,59.1,SYNTHETIC DEMO LOG FOR DEVELOPMENT/TESTING ONLY
TRUE,DEMO-00237,C-05,Centre E - Kalyani Storage & Hub,27.1,Paddy,760.0,08:00 - 10:00,2,50,0.67,5,0,1,23.6,SYNTHETIC DEMO LOG FOR DEVELOPMENT/TESTING ONLY
TRUE,DEMO-00238,C-06,Centre F - Guskara Sub-Mandi,26.6,Paddy,2510.0,08:00 - 10:00,2,40,0.31,4,1,1,56.4,SYNTHETIC DEMO LOG FOR DEVELOPMENT/TESTING ONLY
TRUE,DEMO-00239,C-04,Centre D - Ranaghat Krishak Mandi,31.7,Paddy,1550.0,14:00 - 16:00,3,90,0.79,5,0,1,26.1,SYNTHETIC DEMO LOG FOR DEVELOPMENT/TESTING ONLY
TRUE,DEMO-00240,C-01,Centre A - Burdwan Mandi,10.9,Paddy,1270.0,16:00 - 18:00,3,80,0.7,2,0,1,9.4,SYNTHETIC DEMO LOG FOR DEVELOPMENT/TESTING ONLY
TRUE,DEMO-00241,C-03,Centre C - Memari Procurement Depot,41.2,Paddy,1330.0,14:00 - 16:00,2,60,0.44,5,0,1,27.4,SYNTHETIC DEMO LOG FOR DEVELOPMENT/TESTING ONLY
TRUE,DEMO-00242,C-06,Centre F - Guskara Sub-Mandi,22.8,Wheat,3360.0,16:00 - 18:00,2,40,0.38,1,1,0,51.2,SYNTHETIC DEMO LOG FOR DEVELOPMENT/TESTING ONLY
TRUE,DEMO-00243,C-03,Centre C - Memari Procurement Depot,31.7,Wheat,1810.0,10:00 - 12:00,2,60,0.55,7,0,0,43.4,SYNTHETIC DEMO LOG FOR DEVELOPMENT/TESTING ONLY
TRUE,DEMO-00244,C-03,Centre C - Memari Procurement Depot,31.1,Potato,1450.0,16:00 - 18:00,2,60,0.96,14,1,1,93.7,SYNTHETIC DEMO LOG FOR DEVELOPMENT/TESTING ONLY
TRUE,DEMO-00245,C-02,Centre B - Singur Agro Hub,14.4,Wheat,2560.0,08:00 - 10:00,4,100,0.44,4,0,0,20.2,SYNTHETIC DEMO LOG FOR DEVELOPMENT/TESTING ONLY
TRUE,DEMO-00246,C-02,Centre B - Singur Agro Hub,42.1,Maize,2500.0,12:00 - 14:00,4,100,0.26,5,0,0,25.2,SYNTHETIC DEMO LOG FOR DEVELOPMENT/TESTING ONLY
TRUE,DEMO-00247,C-05,Centre E - Kalyani Storage & Hub,4.2,Paddy,3190.0,10:00 - 12:00,2,50,0.34,3,0,1,34.4,SYNTHETIC DEMO LOG FOR DEVELOPMENT/TESTING ONLY
TRUE,DEMO-00248,C-04,Centre D - Ranaghat Krishak Mandi,2.2,Potato,2020.0,10:00 - 12:00,3,90,0.92,12,1,0,78.9,SYNTHETIC DEMO LOG FOR DEVELOPMENT/TESTING ONLY
TRUE,DEMO-00249,C-04,Centre D - Ranaghat Krishak Mandi,15.8,Paddy,2330.0,12:00 - 14:00,3,90,0.9,9,0,1,53.1,SYNTHETIC DEMO LOG FOR DEVELOPMENT/TESTING ONLY
TRUE,DEMO-00250,C-01,Centre A - Burdwan Mandi,39.9,Paddy,780.0,14:00 - 16:00,3,80,0.91,13,1,1,75.3,SYNTHETIC DEMO LOG FOR DEVELOPMENT/TESTING ONLY
TRUE,DEMO-00251,C-04,Centre D - Ranaghat Krishak Mandi,39.7,Paddy,230.0,12:00 - 14:00,3,90,0.62,1,0,1,6.4,SYNTHETIC DEMO LOG FOR DEVELOPMENT/TESTING ONLY
TRUE,DEMO-00252,C-06,Centre F - Guskara Sub-Mandi,23.2,Maize,3300.0,16:00 - 18:00,2,40,0.86,7,1,0,90.6,SYNTHETIC DEMO LOG FOR DEVELOPMENT/TESTING ONLY
TRUE,DEMO-00253,C-01,Centre A - Burdwan Mandi,33.4,Wheat,2340.0,10:00 - 12:00,3,80,0.75,1,0,1,16.2,SYNTHETIC DEMO LOG FOR DEVELOPMENT/TESTING ONLY
TRUE,DEMO-00254,C-06,Centre F - Guskara Sub-Mandi,28.3,Paddy,2310.0,10:00 - 12:00,2,40,0.49,5,1,1,61.6,SYNTHETIC DEMO LOG FOR DEVELOPMENT/TESTING ONLY
TRUE,DEMO-00255,C-03,Centre C - Memari Procurement Depot,30.8,Potato,810.0,14:00 - 16:00,2,60,0.27,2,0,1,13.5,SYNTHETIC DEMO LOG FOR DEVELOPMENT/TESTING ONLY
TRUE,DEMO-00256,C-02,Centre B - Singur Agro Hub,43.0,Mustard,1200.0,12:00 - 14:00,4,100,0.75,1,0,1,10.3,SYNTHETIC DEMO LOG FOR DEVELOPMENT/TESTING ONLY
TRUE,DEMO-00257,C-06,Centre F - Guskara Sub-Mandi,4.7,Wheat,590.0,10:00 - 12:00,2,40,0.4,5,1,0,36.7,SYNTHETIC DEMO LOG FOR DEVELOPMENT/TESTING ONLY
TRUE,DEMO-00258,C-06,Centre F - Guskara Sub-Mandi,29.5,Wheat,3300.0,08:00 - 10:00,2,40,0.46,2,1,0,58.2,SYNTHETIC DEMO LOG FOR DEVELOPMENT/TESTING ONLY
TRUE,DEMO-00259,C-02,Centre B - Singur Agro Hub,21.6,Mustard,3460.0,10:00 - 12:00,4,100,0.46,8,0,1,36.3,SYNTHETIC DEMO LOG FOR DEVELOPMENT/TESTING ONLY
TRUE,DEMO-00260,C-06,Centre F - Guskara Sub-Mandi,31.3,Paddy,2170.0,10:00 - 12:00,2,40,0.8,7,1,1,62.5,SYNTHETIC DEMO LOG FOR DEVELOPMENT/TESTING ONLY
TRUE,DEMO-00261,C-05,Centre E - Kalyani Storage & Hub,41.4,Wheat,570.0,08:00 - 10:00,2,50,0.84,8,0,1,33.0,SYNTHETIC DEMO LOG FOR DEVELOPMENT/TESTING ONLY
TRUE,DEMO-00262,C-02,Centre B - Singur Agro Hub,21.0,Wheat,2440.0,16:00 - 18:00,4,100,0.75,2,0,0,19.7,SYNTHETIC DEMO LOG FOR DEVELOPMENT/TESTING ONLY
TRUE,DEMO-00263,C-05,Centre E - Kalyani Storage & Hub,21.5,Mustard,1890.0,08:00 - 10:00,2,50,0.53,1,0,1,11.1,SYNTHETIC DEMO LOG FOR DEVELOPMENT/TESTING ONLY
TRUE,DEMO-00264,C-06,Centre F - Guskara Sub-Mandi,12.9,Potato,210.0,14:00 - 16:00,2,40,0.33,1,1,0,26.8,SYNTHETIC DEMO LOG FOR DEVELOPMENT/TESTING ONLY
TRUE,DEMO-00265,C-04,Centre D - Ranaghat Krishak Mandi,25.3,Wheat,400.0,08:00 - 10:00,3,90,0.89,15,0,1,55.9,SYNTHETIC DEMO LOG FOR DEVELOPMENT/TESTING ONLY
TRUE,DEMO-00266,C-02,Centre B - Singur Agro Hub,44.7,Mustard,1460.0,12:00 - 14:00,4,100,0.87,14,0,1,47.7,SYNTHETIC DEMO LOG FOR DEVELOPMENT/TESTING ONLY
TRUE,DEMO-00267,C-01,Centre A - Burdwan Mandi,30.1,Maize,1350.0,10:00 - 12:00,3,80,0.3,7,0,1,20.3,SYNTHETIC DEMO LOG FOR DEVELOPMENT/TESTING ONLY
TRUE,DEMO-00268,C-02,Centre B - Singur Agro Hub,44.1,Potato,1730.0,08:00 - 10:00,4,100,0.75,4,0,1,15.1,SYNTHETIC DEMO LOG FOR DEVELOPMENT/TESTING ONLY
TRUE,DEMO-00269,C-04,Centre D - Ranaghat Krishak Mandi,21.8,Paddy,710.0,10:00 - 12:00,3,90,0.31,10,0,1,28.4,SYNTHETIC DEMO LOG FOR DEVELOPMENT/TESTING ONLY
TRUE,DEMO-00270,C-06,Centre F - Guskara Sub-Mandi,34.9,Mustard,3120.0,16:00 - 18:00,2,40,0.16,1,1,1,52.4,SYNTHETIC DEMO LOG FOR DEVELOPMENT/TESTING ONLY
TRUE,DEMO-00271,C-01,Centre A - Burdwan Mandi,21.2,Maize,2420.0,08:00 - 10:00,3,80,0.87,6,0,1,42.9,SYNTHETIC DEMO LOG FOR DEVELOPMENT/TESTING ONLY
TRUE,DEMO-00272,C-02,Centre B - Singur Agro Hub,23.7,Potato,1150.0,10:00 - 12:00,4,100,0.83,9,0,1,23.0,SYNTHETIC DEMO LOG FOR DEVELOPMENT/TESTING ONLY
TRUE,DEMO-00273,C-03,Centre C - Memari Procurement Depot,35.2,Maize,2900.0,16:00 - 18:00,2,60,0.35,4,0,1,40.8,SYNTHETIC DEMO LOG FOR DEVELOPMENT/TESTING ONLY
TRUE,DEMO-00274,C-04,Centre D - Ranaghat Krishak Mandi,4.6,Wheat,3330.0,12:00 - 14:00,3,90,0.88,16,0,1,75.6,SYNTHETIC DEMO LOG FOR DEVELOPMENT/TESTING ONLY
TRUE,DEMO-00275,C-06,Centre F - Guskara Sub-Mandi,23.3,Mustard,3410.0,16:00 - 18:00,2,40,0.93,13,1,1,108.3,SYNTHETIC DEMO LOG FOR DEVELOPMENT/TESTING ONLY
TRUE,DEMO-00276,C-04,Centre D - Ranaghat Krishak Mandi,18.2,Paddy,2690.0,12:00 - 14:00,3,90,0.54,6,0,1,32.4,SYNTHETIC DEMO LOG FOR DEVELOPMENT/TESTING ONLY
TRUE,DEMO-00277,C-03,Centre C - Memari Procurement Depot,41.3,Paddy,2060.0,14:00 - 16:00,2,60,0.95,8,1,1,77.7,SYNTHETIC DEMO LOG FOR DEVELOPMENT/TESTING ONLY
TRUE,DEMO-00278,C-03,Centre C - Memari Procurement Depot,38.4,Potato,510.0,14:00 - 16:00,2,60,0.75,1,0,1,9.1,SYNTHETIC DEMO LOG FOR DEVELOPMENT/TESTING ONLY
TRUE,DEMO-00279,C-03,Centre C - Memari Procurement Depot,27.9,Mustard,3080.0,16:00 - 18:00,2,60,0.31,3,0,0,34.5,SYNTHETIC DEMO LOG FOR DEVELOPMENT/TESTING ONLY
TRUE,DEMO-00280,C-04,Centre D - Ranaghat Krishak Mandi,15.0,Paddy,3200.0,12:00 - 14:00,3,90,0.33,2,0,1,23.6,SYNTHETIC DEMO LOG FOR DEVELOPMENT/TESTING ONLY
TRUE,DEMO-00281,C-06,Centre F - Guskara Sub-Mandi,41.3,Potato,2500.0,14:00 - 16:00,2,40,0.73,3,1,0,54.4,SYNTHETIC DEMO LOG FOR DEVELOPMENT/TESTING ONLY
TRUE,DEMO-00282,C-03,Centre C - Memari Procurement Depot,24.9,Mustard,1390.0,14:00 - 16:00,2,60,0.37,3,0,0,24.3,SYNTHETIC DEMO LOG FOR DEVELOPMENT/TESTING ONLY
TRUE,DEMO-00283,C-04,Centre D - Ranaghat Krishak Mandi,36.5,Mustard,2580.0,08:00 - 10:00,3,90,0.78,3,0,1,26.1,SYNTHETIC DEMO LOG FOR DEVELOPMENT/TESTING ONLY
TRUE,DEMO-00284,C-01,Centre A - Burdwan Mandi,33.9,Maize,250.0,10:00 - 12:00,3,80,0.61,7,0,1,20.4,SYNTHETIC DEMO LOG FOR DEVELOPMENT/TESTING ONLY
TRUE,DEMO-00285,C-06,Centre F - Guskara Sub-Mandi,8.6,Mustard,1290.0,12:00 - 14:00,2,40,0.47,6,1,1,48.9,SYNTHETIC DEMO LOG FOR DEVELOPMENT/TESTING ONLY
TRUE,DEMO-00286,C-06,Centre F - Guskara Sub-Mandi,34.8,Wheat,1810.0,12:00 - 14:00,2,40,0.75,6,1,0,58.2,SYNTHETIC DEMO LOG FOR DEVELOPMENT/TESTING ONLY
TRUE,DEMO-00287,C-04,Centre D - Ranaghat Krishak Mandi,9.3,Paddy,2580.0,12:00 - 14:00,3,90,0.56,7,0,1,30.5,SYNTHETIC DEMO LOG FOR DEVELOPMENT/TESTING ONLY
TRUE,DEMO-00288,C-01,Centre A - Burdwan Mandi,38.1,Maize,450.0,08:00 - 10:00,3,80,0.83,1,0,1,5.0,SYNTHETIC DEMO LOG FOR DEVELOPMENT/TESTING ONLY
TRUE,DEMO-00289,C-01,Centre A - Burdwan Mandi,38.2,Mustard,960.0,10:00 - 12:00,3,80,0.74,1,0,1,5.7,SYNTHETIC DEMO LOG FOR DEVELOPMENT/TESTING ONLY
TRUE,DEMO-00290,C-05,Centre E - Kalyani Storage & Hub,30.3,Maize,250.0,14:00 - 16:00,2,50,0.59,3,0,1,12.1,SYNTHETIC DEMO LOG FOR DEVELOPMENT/TESTING ONLY
TRUE,DEMO-00291,C-01,Centre A - Burdwan Mandi,25.0,Maize,1150.0,12:00 - 14:00,3,80,0.57,5,0,1,12.7,SYNTHETIC DEMO LOG FOR DEVELOPMENT/TESTING ONLY
TRUE,DEMO-00292,C-02,Centre B - Singur Agro Hub,24.5,Potato,1000.0,08:00 - 10:00,4,100,0.66,3,0,1,13.5,SYNTHETIC DEMO LOG FOR DEVELOPMENT/TESTING ONLY
TRUE,DEMO-00293,C-03,Centre C - Memari Procurement Depot,5.4,Wheat,3370.0,14:00 - 16:00,2,60,0.53,2,0,0,33.1,SYNTHETIC DEMO LOG FOR DEVELOPMENT/TESTING ONLY
TRUE,DEMO-00294,C-01,Centre A - Burdwan Mandi,19.4,Potato,1440.0,08:00 - 10:00,3,80,0.55,6,0,1,21.0,SYNTHETIC DEMO LOG FOR DEVELOPMENT/TESTING ONLY
TRUE,DEMO-00295,C-06,Centre F - Guskara Sub-Mandi,23.5,Paddy,1630.0,08:00 - 10:00,2,40,0.8,5,1,1,53.8,SYNTHETIC DEMO LOG FOR DEVELOPMENT/TESTING ONLY
TRUE,DEMO-00296,C-05,Centre E - Kalyani Storage & Hub,11.1,Potato,3060.0,10:00 - 12:00,2,50,0.89,10,0,1,69.8,SYNTHETIC DEMO LOG FOR DEVELOPMENT/TESTING ONLY
TRUE,DEMO-00297,C-01,Centre A - Burdwan Mandi,26.2,Wheat,310.0,16:00 - 18:00,3,80,0.92,6,1,1,46.7,SYNTHETIC DEMO LOG FOR DEVELOPMENT/TESTING ONLY
TRUE,DEMO-00298,C-06,Centre F - Guskara Sub-Mandi,14.9,Mustard,2060.0,08:00 - 10:00,2,40,0.62,7,1,1,61.5,SYNTHETIC DEMO LOG FOR DEVELOPMENT/TESTING ONLY
TRUE,DEMO-00299,C-06,Centre F - Guskara Sub-Mandi,18.5,Maize,2640.0,12:00 - 14:00,2,40,0.81,5,1,0,67.0,SYNTHETIC DEMO LOG FOR DEVELOPMENT/TESTING ONLY
TRUE,DEMO-00300,C-03,Centre C - Memari Procurement Depot,20.8,Potato,2970.0,08:00 - 10:00,2,60,0.43,7,0,1,50.6,SYNTHETIC DEMO LOG FOR DEVELOPMENT/TESTING ONLY
TRUE,DEMO-00301,C-05,Centre E - Kalyani Storage & Hub,3.3,Mustard,1100.0,12:00 - 14:00,2,50,0.97,10,1,1,74.7,SYNTHETIC DEMO LOG FOR DEVELOPMENT/TESTING ONLY
TRUE,DEMO-00302,C-02,Centre B - Singur Agro Hub,5.7,Maize,2240.0,14:00 - 16:00,4,100,0.81,4,0,0,17.7,SYNTHETIC DEMO LOG FOR DEVELOPMENT/TESTING ONLY
TRUE,DEMO-00303,C-01,Centre A - Burdwan Mandi,18.3,Wheat,2790.0,10:00 - 12:00,3,80,0.28,5,0,1,29.0,SYNTHETIC DEMO LOG FOR DEVELOPMENT/TESTING ONLY
TRUE,DEMO-00304,C-03,Centre C - Memari Procurement Depot,34.7,Mustard,540.0,12:00 - 14:00,2,60,0.22,4,0,0,19.3,SYNTHETIC DEMO LOG FOR DEVELOPMENT/TESTING ONLY
TRUE,DEMO-00305,C-05,Centre E - Kalyani Storage & Hub,19.5,Maize,290.0,16:00 - 18:00,2,50,0.44,0,0,1,5.0,SYNTHETIC DEMO LOG FOR DEVELOPMENT/TESTING ONLY
TRUE,DEMO-00306,C-04,Centre D - Ranaghat Krishak Mandi,19.8,Potato,2770.0,12:00 - 14:00,3,90,0.75,4,0,0,27.5,SYNTHETIC DEMO LOG FOR DEVELOPMENT/TESTING ONLY
TRUE,DEMO-00307,C-02,Centre B - Singur Agro Hub,9.3,Maize,1460.0,16:00 - 18:00,4,100,0.27,1,0,0,8.3,SYNTHETIC DEMO LOG FOR DEVELOPMENT/TESTING ONLY
TRUE,DEMO-00308,C-04,Centre D - Ranaghat Krishak Mandi,14.9,Wheat,2780.0,14:00 - 16:00,3,90,0.45,6,0,1,33.8,SYNTHETIC DEMO LOG FOR DEVELOPMENT/TESTING ONLY
TRUE,DEMO-00309,C-06,Centre F - Guskara Sub-Mandi,28.5,Mustard,1710.0,16:00 - 18:00,2,40,0.26,0,1,1,31.7,SYNTHETIC DEMO LOG FOR DEVELOPMENT/TESTING ONLY
TRUE,DEMO-00310,C-04,Centre D - Ranaghat Krishak Mandi,16.4,Wheat,2890.0,14:00 - 16:00,3,90,0.86,11,0,1,64.7,SYNTHETIC DEMO LOG FOR DEVELOPMENT/TESTING ONLY
TRUE,DEMO-00311,C-03,Centre C - Memari Procurement Depot,42.7,Wheat,860.0,16:00 - 18:00,2,60,0.41,4,0,0,23.3,SYNTHETIC DEMO LOG FOR DEVELOPMENT/TESTING ONLY
TRUE,DEMO-00312,C-06,Centre F - Guskara Sub-Mandi,35.6,Mustard,1280.0,16:00 - 18:00,2,40,0.38,3,1,1,42.2,SYNTHETIC DEMO LOG FOR DEVELOPMENT/TESTING ONLY
TRUE,DEMO-00313,C-03,Centre C - Memari Procurement Depot,10.6,Potato,3490.0,16:00 - 18:00,2,60,0.3,3,0,1,43.2,SYNTHETIC DEMO LOG FOR DEVELOPMENT/TESTING ONLY
TRUE,DEMO-00314,C-06,Centre F - Guskara Sub-Mandi,36.3,Paddy,2940.0,14:00 - 16:00,2,40,0.21,5,1,1,66.2,SYNTHETIC DEMO LOG FOR DEVELOPMENT/TESTING ONLY
TRUE,DEMO-00315,C-04,Centre D - Ranaghat Krishak Mandi,29.2,Mustard,1000.0,10:00 - 12:00,3,90,0.7,9,0,1,28.4,SYNTHETIC DEMO LOG FOR DEVELOPMENT/TESTING ONLY
TRUE,DEMO-00316,C-05,Centre E - Kalyani Storage & Hub,19.2,Mustard,1870.0,16:00 - 18:00,2,50,0.91,11,1,1,85.1,SYNTHETIC DEMO LOG FOR DEVELOPMENT/TESTING ONLY
TRUE,DEMO-00317,C-01,Centre A - Burdwan Mandi,27.5,Wheat,3220.0,16:00 - 18:00,3,80,0.24,1,0,1,22.3,SYNTHETIC DEMO LOG FOR DEVELOPMENT/TESTING ONLY
TRUE,DEMO-00318,C-05,Centre E - Kalyani Storage & Hub,44.3,Potato,2440.0,16:00 - 18:00,2,50,0.48,3,0,1,25.5,SYNTHETIC DEMO LOG FOR DEVELOPMENT/TESTING ONLY
TRUE,DEMO-00319,C-04,Centre D - Ranaghat Krishak Mandi,6.2,Potato,930.0,08:00 - 10:00,3,90,0.77,5,0,0,17.5,SYNTHETIC DEMO LOG FOR DEVELOPMENT/TESTING ONLY
TRUE,DEMO-00320,C-03,Centre C - Memari Procurement Depot,35.2,Mustard,2140.0,14:00 - 16:00,2,60,0.57,2,0,0,22.2,SYNTHETIC DEMO LOG FOR DEVELOPMENT/TESTING ONLY
TRUE,DEMO-00321,C-01,Centre A - Burdwan Mandi,14.7,Mustard,3240.0,08:00 - 10:00,3,80,0.22,7,0,1,37.0,SYNTHETIC DEMO LOG FOR DEVELOPMENT/TESTING ONLY
TRUE,DEMO-00322,C-03,Centre C - Memari Procurement Depot,24.4,Mustard,1350.0,10:00 - 12:00,2,60,0.23,9,0,0,39.5,SYNTHETIC DEMO LOG FOR DEVELOPMENT/TESTING ONLY
TRUE,DEMO-00323,C-04,Centre D - Ranaghat Krishak Mandi,14.9,Wheat,2870.0,08:00 - 10:00,3,90,0.25,7,0,1,34.0,SYNTHETIC DEMO LOG FOR DEVELOPMENT/TESTING ONLY
TRUE,DEMO-00324,C-02,Centre B - Singur Agro Hub,9.5,Paddy,730.0,16:00 - 18:00,4,100,0.61,4,0,1,7.2,SYNTHETIC DEMO LOG FOR DEVELOPMENT/TESTING ONLY
TRUE,DEMO-00325,C-02,Centre B - Singur Agro Hub,10.0,Mustard,2370.0,10:00 - 12:00,4,100,0.48,9,0,1,30.5,SYNTHETIC DEMO LOG FOR DEVELOPMENT/TESTING ONLY
TRUE,DEMO-00326,C-04,Centre D - Ranaghat Krishak Mandi,32.3,Mustard,880.0,08:00 - 10:00,3,90,0.77,7,0,1,20.4,SYNTHETIC DEMO LOG FOR DEVELOPMENT/TESTING ONLY
TRUE,DEMO-00327,C-01,Centre A - Burdwan Mandi,36.4,Maize,1970.0,08:00 - 10:00,3,80,0.45,2,0,1,20.8,SYNTHETIC DEMO LOG FOR DEVELOPMENT/TESTING ONLY
TRUE,DEMO-00328,C-04,Centre D - Ranaghat Krishak Mandi,27.7,Maize,2220.0,12:00 - 14:00,3,90,0.64,3,0,0,25.7,SYNTHETIC DEMO LOG FOR DEVELOPMENT/TESTING ONLY
TRUE,DEMO-00329,C-04,Centre D - Ranaghat Krishak Mandi,37.0,Maize,2530.0,10:00 - 12:00,3,90,0.4,7,0,0,35.7,SYNTHETIC DEMO LOG FOR DEVELOPMENT/TESTING ONLY
TRUE,DEMO-00330,C-01,Centre A - Burdwan Mandi,7.0,Paddy,1430.0,12:00 - 14:00,3,80,0.27,3,0,1,17.1,SYNTHETIC DEMO LOG FOR DEVELOPMENT/TESTING ONLY
TRUE,DEMO-00331,C-05,Centre E - Kalyani Storage & Hub,18.5,Paddy,810.0,16:00 - 18:00,2,50,0.68,3,0,1,8.1,SYNTHETIC DEMO LOG FOR DEVELOPMENT/TESTING ONLY
TRUE,DEMO-00332,C-05,Centre E - Kalyani Storage & Hub,14.4,Paddy,820.0,14:00 - 16:00,2,50,0.85,4,0,1,9.4,SYNTHETIC DEMO LOG FOR DEVELOPMENT/TESTING ONLY
TRUE,DEMO-00333,C-03,Centre C - Memari Procurement Depot,7.9,Potato,2890.0,14:00 - 16:00,2,60,0.95,10,1,1,90.2,SYNTHETIC DEMO LOG FOR DEVELOPMENT/TESTING ONLY
TRUE,DEMO-00334,C-06,Centre F - Guskara Sub-Mandi,9.2,Mustard,2070.0,14:00 - 16:00,2,40,0.81,2,1,1,48.6,SYNTHETIC DEMO LOG FOR DEVELOPMENT/TESTING ONLY
TRUE,DEMO-00335,C-01,Centre A - Burdwan Mandi,25.1,Wheat,760.0,10:00 - 12:00,3,80,0.53,9,0,1,26.3,SYNTHETIC DEMO LOG FOR DEVELOPMENT/TESTING ONLY
TRUE,DEMO-00336,C-01,Centre A - Burdwan Mandi,13.5,Maize,1990.0,08:00 - 10:00,3,80,0.97,15,1,1,79.2,SYNTHETIC DEMO LOG FOR DEVELOPMENT/TESTING ONLY
TRUE,DEMO-00337,C-01,Centre A - Burdwan Mandi,11.4,Mustard,1600.0,16:00 - 18:00,3,80,0.76,3,0,1,17.5,SYNTHETIC DEMO LOG FOR DEVELOPMENT/TESTING ONLY
TRUE,DEMO-00338,C-01,Centre A - Burdwan Mandi,17.0,Mustard,2900.0,12:00 - 14:00,3,80,0.51,7,0,1,41.3,SYNTHETIC DEMO LOG FOR DEVELOPMENT/TESTING ONLY
TRUE,DEMO-00339,C-02,Centre B - Singur Agro Hub,31.6,Paddy,3040.0,16:00 - 18:00,4,100,0.66,2,0,1,15.4,SYNTHETIC DEMO LOG FOR DEVELOPMENT/TESTING ONLY
TRUE,DEMO-00340,C-02,Centre B - Singur Agro Hub,17.1,Potato,1130.0,16:00 - 18:00,4,100,0.6,1,0,1,5.0,SYNTHETIC DEMO LOG FOR DEVELOPMENT/TESTING ONLY
TRUE,DEMO-00341,C-06,Centre F - Guskara Sub-Mandi,26.6,Wheat,3340.0,12:00 - 14:00,2,40,0.58,7,1,0,76.9,SYNTHETIC DEMO LOG FOR DEVELOPMENT/TESTING ONLY
TRUE,DEMO-00342,C-04,Centre D - Ranaghat Krishak Mandi,39.3,Potato,620.0,12:00 - 14:00,3,90,0.87,11,0,0,43.6,SYNTHETIC DEMO LOG FOR DEVELOPMENT/TESTING ONLY
TRUE,DEMO-00343,C-03,Centre C - Memari Procurement Depot,23.0,Paddy,2110.0,14:00 - 16:00,2,60,0.37,3,0,1,23.3,SYNTHETIC DEMO LOG FOR DEVELOPMENT/TESTING ONLY
TRUE,DEMO-00344,C-01,Centre A - Burdwan Mandi,34.2,Mustard,2490.0,16:00 - 18:00,3,80,0.88,9,0,1,53.4,SYNTHETIC DEMO LOG FOR DEVELOPMENT/TESTING ONLY
TRUE,DEMO-00345,C-03,Centre C - Memari Procurement Depot,39.4,Maize,3000.0,08:00 - 10:00,2,60,0.23,8,0,1,48.9,SYNTHETIC DEMO LOG FOR DEVELOPMENT/TESTING ONLY
TRUE,DEMO-00346,C-01,Centre A - Burdwan Mandi,11.4,Maize,1620.0,14:00 - 16:00,3,80,0.33,2,0,1,11.7,SYNTHETIC DEMO LOG FOR DEVELOPMENT/TESTING ONLY
TRUE,DEMO-00347,C-03,Centre C - Memari Procurement Depot,26.9,Wheat,2070.0,16:00 - 18:00,2,60,0.55,2,0,0,23.2,SYNTHETIC DEMO LOG FOR DEVELOPMENT/TESTING ONLY
TRUE,DEMO-00348,C-01,Centre A - Burdwan Mandi,7.3,Mustard,3030.0,08:00 - 10:00,3,80,0.52,1,0,1,21.2,SYNTHETIC DEMO LOG FOR DEVELOPMENT/TESTING ONLY
TRUE,DEMO-00349,C-04,Centre D - Ranaghat Krishak Mandi,39.9,Paddy,1200.0,10:00 - 12:00,3,90,0.88,14,0,1,54.9,SYNTHETIC DEMO LOG FOR DEVELOPMENT/TESTING ONLY
TRUE,DEMO-00350,C-03,Centre C - Memari Procurement Depot,19.0,Paddy,1210.0,08:00 - 10:00,2,60,0.73,2,0,1,14.8,SYNTHETIC DEMO LOG FOR DEVELOPMENT/TESTING ONLY
TRUE,DEMO-00351,C-06,Centre F - Guskara Sub-Mandi,2.0,Potato,1770.0,08:00 - 10:00,2,40,0.26,2,1,0,43.6,SYNTHETIC DEMO LOG FOR DEVELOPMENT/TESTING ONLY
TRUE,DEMO-00352,C-06,Centre F - Guskara Sub-Mandi,44.5,Wheat,1590.0,08:00 - 10:00,2,40,0.26,1,1,0,38.2,SYNTHETIC DEMO LOG FOR DEVELOPMENT/TESTING ONLY
TRUE,DEMO-00353,C-04,Centre D - Ranaghat Krishak Mandi,6.4,Potato,1410.0,08:00 - 10:00,3,90,0.4,4,0,0,21.7,SYNTHETIC DEMO LOG FOR DEVELOPMENT/TESTING ONLY
TRUE,DEMO-00354,C-06,Centre F - Guskara Sub-Mandi,24.8,Paddy,230.0,08:00 - 10:00,2,40,0.69,4,1,1,30.6,SYNTHETIC DEMO LOG FOR DEVELOPMENT/TESTING ONLY
TRUE,DEMO-00355,C-06,Centre F - Guskara Sub-Mandi,41.6,Paddy,2230.0,10:00 - 12:00,2,40,0.52,3,1,1,53.0,SYNTHETIC DEMO LOG FOR DEVELOPMENT/TESTING ONLY
TRUE,DEMO-00356,C-01,Centre A - Burdwan Mandi,17.1,Maize,1620.0,14:00 - 16:00,3,80,0.81,2,0,1,14.2,SYNTHETIC DEMO LOG FOR DEVELOPMENT/TESTING ONLY
TRUE,DEMO-00357,C-06,Centre F - Guskara Sub-Mandi,25.8,Potato,2180.0,10:00 - 12:00,2,40,0.65,9,1,0,70.1,SYNTHETIC DEMO LOG FOR DEVELOPMENT/TESTING ONLY
TRUE,DEMO-00358,C-06,Centre F - Guskara Sub-Mandi,24.3,Wheat,1880.0,10:00 - 12:00,2,40,0.77,4,1,0,46.4,SYNTHETIC DEMO LOG FOR DEVELOPMENT/TESTING ONLY
TRUE,DEMO-00359,C-01,Centre A - Burdwan Mandi,18.6,Paddy,1000.0,14:00 - 16:00,3,80,0.68,1,0,1,9.2,SYNTHETIC DEMO LOG FOR DEVELOPMENT/TESTING ONLY
TRUE,DEMO-00360,C-03,Centre C - Memari Procurement Depot,18.6,Wheat,2970.0,10:00 - 12:00,2,60,0.5,7,0,0,48.0,SYNTHETIC DEMO LOG FOR DEVELOPMENT/TESTING ONLY
TRUE,DEMO-00361,C-02,Centre B - Singur Agro Hub,2.7,Mustard,420.0,08:00 - 10:00,4,100,0.37,1,0,1,8.9,SYNTHETIC DEMO LOG FOR DEVELOPMENT/TESTING ONLY
TRUE,DEMO-00362,C-05,Centre E - Kalyani Storage & Hub,35.0,Wheat,1600.0,16:00 - 18:00,2,50,0.48,3,0,1,23.3,SYNTHETIC DEMO LOG FOR DEVELOPMENT/TESTING ONLY
TRUE,DEMO-00363,C-05,Centre E - Kalyani Storage & Hub,13.9,Maize,1220.0,10:00 - 12:00,2,50,0.57,3,0,1,20.1,SYNTHETIC DEMO LOG FOR DEVELOPMENT/TESTING ONLY
TRUE,DEMO-00364,C-04,Centre D - Ranaghat Krishak Mandi,15.3,Maize,1640.0,08:00 - 10:00,3,90,0.94,7,1,0,59.5,SYNTHETIC DEMO LOG FOR DEVELOPMENT/TESTING ONLY
TRUE,DEMO-00365,C-01,Centre A - Burdwan Mandi,21.5,Mustard,2210.0,08:00 - 10:00,3,80,0.41,6,0,1,28.3,SYNTHETIC DEMO LOG FOR DEVELOPMENT/TESTING ONLY
TRUE,DEMO-00366,C-06,Centre F - Guskara Sub-Mandi,9.0,Paddy,3340.0,08:00 - 10:00,2,40,0.58,7,1,1,74.7,SYNTHETIC DEMO LOG FOR DEVELOPMENT/TESTING ONLY
TRUE,DEMO-00367,C-06,Centre F - Guskara Sub-Mandi,18.0,Wheat,2670.0,10:00 - 12:00,2,40,0.87,13,1,0,106.0,SYNTHETIC DEMO LOG FOR DEVELOPMENT/TESTING ONLY
TRUE,DEMO-00368,C-04,Centre D - Ranaghat Krishak Mandi,4.7,Wheat,2550.0,16:00 - 18:00,3,90,0.63,0,0,1,17.4,SYNTHETIC DEMO LOG FOR DEVELOPMENT/TESTING ONLY
TRUE,DEMO-00369,C-04,Centre D - Ranaghat Krishak Mandi,4.4,Maize,3040.0,12:00 - 14:00,3,90,0.29,2,0,0,27.2,SYNTHETIC DEMO LOG FOR DEVELOPMENT/TESTING ONLY
TRUE,DEMO-00370,C-06,Centre F - Guskara Sub-Mandi,33.9,Potato,210.0,10:00 - 12:00,2,40,0.86,5,1,0,48.2,SYNTHETIC DEMO LOG FOR DEVELOPMENT/TESTING ONLY
TRUE,DEMO-00371,C-04,Centre D - Ranaghat Krishak Mandi,41.6,Wheat,790.0,14:00 - 16:00,3,90,0.95,10,1,1,68.2,SYNTHETIC DEMO LOG FOR DEVELOPMENT/TESTING ONLY
TRUE,DEMO-00372,C-04,Centre D - Ranaghat Krishak Mandi,12.7,Paddy,3220.0,12:00 - 14:00,3,90,0.42,6,0,1,34.3,SYNTHETIC DEMO LOG FOR DEVELOPMENT/TESTING ONLY
TRUE,DEMO-00373,C-05,Centre E - Kalyani Storage & Hub,23.6,Wheat,3180.0,08:00 - 10:00,2,50,0.3,7,0,1,53.5,SYNTHETIC DEMO LOG FOR DEVELOPMENT/TESTING ONLY
TRUE,DEMO-00374,C-01,Centre A - Burdwan Mandi,35.3,Mustard,1230.0,12:00 - 14:00,3,80,0.22,4,0,1,16.5,SYNTHETIC DEMO LOG FOR DEVELOPMENT/TESTING ONLY
TRUE,DEMO-00375,C-03,Centre C - Memari Procurement Depot,26.2,Paddy,1200.0,12:00 - 14:00,2,60,0.67,4,0,1,20.7,SYNTHETIC DEMO LOG FOR DEVELOPMENT/TESTING ONLY
TRUE,DEMO-00376,C-02,Centre B - Singur Agro Hub,8.5,Maize,3280.0,10:00 - 12:00,4,100,0.17,7,0,0,27.4,SYNTHETIC DEMO LOG FOR DEVELOPMENT/TESTING ONLY
TRUE,DEMO-00377,C-06,Centre F - Guskara Sub-Mandi,2.1,Potato,2370.0,12:00 - 14:00,2,40,0.85,6,1,0,66.4,SYNTHETIC DEMO LOG FOR DEVELOPMENT/TESTING ONLY
TRUE,DEMO-00378,C-02,Centre B - Singur Agro Hub,43.3,Mustard,3410.0,14:00 - 16:00,4,100,0.27,2,0,1,23.5,SYNTHETIC DEMO LOG FOR DEVELOPMENT/TESTING ONLY
TRUE,DEMO-00379,C-01,Centre A - Burdwan Mandi,19.8,Paddy,3160.0,16:00 - 18:00,3,80,0.53,3,0,1,24.4,SYNTHETIC DEMO LOG FOR DEVELOPMENT/TESTING ONLY
TRUE,DEMO-00380,C-06,Centre F - Guskara Sub-Mandi,27.5,Mustard,410.0,08:00 - 10:00,2,40,0.7,2,1,1,29.2,SYNTHETIC DEMO LOG FOR DEVELOPMENT/TESTING ONLY
TRUE,DEMO-00381,C-03,Centre C - Memari Procurement Depot,41.8,Wheat,1500.0,12:00 - 14:00,2,60,0.84,3,0,0,20.4,SYNTHETIC DEMO LOG FOR DEVELOPMENT/TESTING ONLY
TRUE,DEMO-00382,C-02,Centre B - Singur Agro Hub,6.7,Paddy,550.0,16:00 - 18:00,4,100,0.52,1,0,1,5.3,SYNTHETIC DEMO LOG FOR DEVELOPMENT/TESTING ONLY
TRUE,DEMO-00383,C-01,Centre A - Burdwan Mandi,43.5,Maize,890.0,12:00 - 14:00,3,80,0.41,2,0,1,11.7,SYNTHETIC DEMO LOG FOR DEVELOPMENT/TESTING ONLY
TRUE,DEMO-00384,C-06,Centre F - Guskara Sub-Mandi,3.7,Wheat,2960.0,16:00 - 18:00,2,40,0.42,0,1,0,49.3,SYNTHETIC DEMO LOG FOR DEVELOPMENT/TESTING ONLY
TRUE,DEMO-00385,C-02,Centre B - Singur Agro Hub,24.1,Wheat,2430.0,14:00 - 16:00,4,100,0.37,6,0,0,26.1,SYNTHETIC DEMO LOG FOR DEVELOPMENT/TESTING ONLY
TRUE,DEMO-00386,C-04,Centre D - Ranaghat Krishak Mandi,12.7,Maize,1720.0,16:00 - 18:00,3,90,0.82,1,0,0,15.1,SYNTHETIC DEMO LOG FOR DEVELOPMENT/TESTING ONLY
TRUE,DEMO-00387,C-01,Centre A - Burdwan Mandi,7.6,Potato,2920.0,10:00 - 12:00,3,80,0.46,8,0,1,35.2,SYNTHETIC DEMO LOG FOR DEVELOPMENT/TESTING ONLY
TRUE,DEMO-00388,C-03,Centre C - Memari Procurement Depot,44.9,Potato,850.0,08:00 - 10:00,2,60,0.69,7,0,1,28.2,SYNTHETIC DEMO LOG FOR DEVELOPMENT/TESTING ONLY
TRUE,DEMO-00389,C-01,Centre A - Burdwan Mandi,3.8,Wheat,1720.0,08:00 - 10:00,3,80,0.29,5,0,1,24.2,SYNTHETIC DEMO LOG FOR DEVELOPMENT/TESTING ONLY
TRUE,DEMO-00390,C-01,Centre A - Burdwan Mandi,9.4,Mustard,910.0,14:00 - 16:00,3,80,0.31,2,0,1,7.9,SYNTHETIC DEMO LOG FOR DEVELOPMENT/TESTING ONLY
TRUE,DEMO-00391,C-02,Centre B - Singur Agro Hub,28.6,Potato,1010.0,16:00 - 18:00,4,100,0.39,2,0,1,7.7,SYNTHETIC DEMO LOG FOR DEVELOPMENT/TESTING ONLY
TRUE,DEMO-00392,C-03,Centre C - Memari Procurement Depot,20.0,Mustard,2320.0,10:00 - 12:00,2,60,0.81,4,0,0,32.2,SYNTHETIC DEMO LOG FOR DEVELOPMENT/TESTING ONLY
TRUE,DEMO-00393,C-05,Centre E - Kalyani Storage & Hub,35.6,Potato,1390.0,14:00 - 16:00,2,50,0.6,3,0,1,23.0,SYNTHETIC DEMO LOG FOR DEVELOPMENT/TESTING ONLY
TRUE,DEMO-00394,C-04,Centre D - Ranaghat Krishak Mandi,3.1,Wheat,2170.0,10:00 - 12:00,3,90,0.17,10,0,1,36.9,SYNTHETIC DEMO LOG FOR DEVELOPMENT/TESTING ONLY
TRUE,DEMO-00395,C-03,Centre C - Memari Procurement Depot,24.8,Potato,2730.0,14:00 - 16:00,2,60,0.98,10,1,1,91.9,SYNTHETIC DEMO LOG FOR DEVELOPMENT/TESTING ONLY
TRUE,DEMO-00396,C-05,Centre E - Kalyani Storage & Hub,26.8,Potato,3440.0,10:00 - 12:00,2,50,0.47,11,0,1,64.1,SYNTHETIC DEMO LOG FOR DEVELOPMENT/TESTING ONLY
TRUE,DEMO-00397,C-02,Centre B - Singur Agro Hub,27.5,Paddy,2860.0,10:00 - 12:00,4,100,0.73,11,0,1,38.7,SYNTHETIC DEMO LOG FOR DEVELOPMENT/TESTING ONLY
TRUE,DEMO-00398,C-05,Centre E - Kalyani Storage & Hub,26.2,Maize,820.0,10:00 - 12:00,2,50,0.97,17,1,1,100.9,SYNTHETIC DEMO LOG FOR DEVELOPMENT/TESTING ONLY
TRUE,DEMO-00399,C-05,Centre E - Kalyani Storage & Hub,23.1,Wheat,500.0,10:00 - 12:00,2,50,0.34,3,0,1,13.8,SYNTHETIC DEMO LOG FOR DEVELOPMENT/TESTING ONLY
TRUE,DEMO-00400,C-05,Centre E - Kalyani Storage & Hub,16.7,Paddy,790.0,10:00 - 12:00,2,50,0.82,10,0,1,40.4,SYNTHETIC DEMO LOG FOR DEVELOPMENT/TESTING ONLY
TRUE,DEMO-00401,C-01,Centre A - Burdwan Mandi,27.2,Potato,3230.0,10:00 - 12:00,3,80,0.79,10,0,1,49.2,SYNTHETIC DEMO LOG FOR DEVELOPMENT/TESTING ONLY
TRUE,DEMO-00402,C-03,Centre C - Memari Procurement Depot,6.3,Mustard,1200.0,16:00 - 18:00,2,60,0.26,1,0,0,7.2,SYNTHETIC DEMO LOG FOR DEVELOPMENT/TESTING ONLY
TRUE,DEMO-00403,C-04,Centre D - Ranaghat Krishak Mandi,9.5,Mustard,3400.0,12:00 - 14:00,3,90,0.73,7,0,1,41.0,SYNTHETIC DEMO LOG FOR DEVELOPMENT/TESTING ONLY
TRUE,DEMO-00404,C-05,Centre E - Kalyani Storage & Hub,15.2,Paddy,2470.0,14:00 - 16:00,2,50,0.26,4,0,1,28.7,SYNTHETIC DEMO LOG FOR DEVELOPMENT/TESTING ONLY
TRUE,DEMO-00405,C-06,Centre F - Guskara Sub-Mandi,38.6,Maize,2740.0,14:00 - 16:00,2,40,0.62,1,1,0,47.3,SYNTHETIC DEMO LOG FOR DEVELOPMENT/TESTING ONLY
TRUE,DEMO-00406,C-05,Centre E - Kalyani Storage & Hub,6.5,Paddy,1840.0,16:00 - 18:00,2,50,0.42,0,0,1,17.5,SYNTHETIC DEMO LOG FOR DEVELOPMENT/TESTING ONLY
TRUE,DEMO-00407,C-03,Centre C - Memari Procurement Depot,29.4,Wheat,3380.0,10:00 - 12:00,2,60,0.83,8,0,0,54.7,SYNTHETIC DEMO LOG FOR DEVELOPMENT/TESTING ONLY
TRUE,DEMO-00408,C-01,Centre A - Burdwan Mandi,12.7,Wheat,420.0,10:00 - 12:00,3,80,0.36,2,0,1,5.0,SYNTHETIC DEMO LOG FOR DEVELOPMENT/TESTING ONLY
TRUE,DEMO-00409,C-01,Centre A - Burdwan Mandi,20.8,Potato,1580.0,14:00 - 16:00,3,80,0.29,3,0,1,19.3,SYNTHETIC DEMO LOG FOR DEVELOPMENT/TESTING ONLY
TRUE,DEMO-00410,C-04,Centre D - Ranaghat Krishak Mandi,35.9,Potato,2110.0,14:00 - 16:00,3,90,0.78,2,0,0,17.8,SYNTHETIC DEMO LOG FOR DEVELOPMENT/TESTING ONLY
TRUE,DEMO-00411,C-04,Centre D - Ranaghat Krishak Mandi,14.7,Potato,1250.0,08:00 - 10:00,3,90,0.94,6,1,0,59.2,SYNTHETIC DEMO LOG FOR DEVELOPMENT/TESTING ONLY
TRUE,DEMO-00412,C-01,Centre A - Burdwan Mandi,16.5,Maize,3450.0,08:00 - 10:00,3,80,0.89,13,0,1,66.6,SYNTHETIC DEMO LOG FOR DEVELOPMENT/TESTING ONLY
TRUE,DEMO-00413,C-06,Centre F - Guskara Sub-Mandi,40.3,Paddy,720.0,16:00 - 18:00,2,40,0.23,1,1,1,32.0,SYNTHETIC DEMO LOG FOR DEVELOPMENT/TESTING ONLY
TRUE,DEMO-00414,C-06,Centre F - Guskara Sub-Mandi,30.4,Maize,1180.0,12:00 - 14:00,2,40,0.23,3,1,0,46.0,SYNTHETIC DEMO LOG FOR DEVELOPMENT/TESTING ONLY
TRUE,DEMO-00415,C-05,Centre E - Kalyani Storage & Hub,4.3,Mustard,210.0,10:00 - 12:00,2,50,0.22,10,0,1,34.0,SYNTHETIC DEMO LOG FOR DEVELOPMENT/TESTING ONLY
TRUE,DEMO-00416,C-01,Centre A - Burdwan Mandi,9.3,Potato,1160.0,10:00 - 12:00,3,80,0.22,10,0,1,28.4,SYNTHETIC DEMO LOG FOR DEVELOPMENT/TESTING ONLY
TRUE,DEMO-00417,C-03,Centre C - Memari Procurement Depot,23.0,Mustard,2380.0,14:00 - 16:00,2,60,0.23,3,0,0,32.0,SYNTHETIC DEMO LOG FOR DEVELOPMENT/TESTING ONLY
TRUE,DEMO-00418,C-03,Centre C - Memari Procurement Depot,3.9,Paddy,1650.0,14:00 - 16:00,2,60,0.37,5,0,1,36.4,SYNTHETIC DEMO LOG FOR DEVELOPMENT/TESTING ONLY
TRUE,DEMO-00419,C-05,Centre E - Kalyani Storage & Hub,34.3,Potato,2400.0,10:00 - 12:00,2,50,0.22,5,0,1,26.1,SYNTHETIC DEMO LOG FOR DEVELOPMENT/TESTING ONLY
TRUE,DEMO-00420,C-05,Centre E - Kalyani Storage & Hub,4.6,Paddy,1480.0,16:00 - 18:00,2,50,0.58,4,0,1,22.0,SYNTHETIC DEMO LOG FOR DEVELOPMENT/TESTING ONLY
TRUE,DEMO-00421,C-06,Centre F - Guskara Sub-Mandi,39.9,Mustard,1770.0,16:00 - 18:00,2,40,0.22,4,1,1,50.0,SYNTHETIC DEMO LOG FOR DEVELOPMENT/TESTING ONLY
TRUE,DEMO-00422,C-05,Centre E - Kalyani Storage & Hub,8.3,Maize,3330.0,16:00 - 18:00,2,50,0.52,4,0,1,33.2,SYNTHETIC DEMO LOG FOR DEVELOPMENT/TESTING ONLY
TRUE,DEMO-00423,C-02,Centre B - Singur Agro Hub,7.4,Paddy,1600.0,10:00 - 12:00,4,100,0.97,16,1,1,67.4,SYNTHETIC DEMO LOG FOR DEVELOPMENT/TESTING ONLY
TRUE,DEMO-00424,C-03,Centre C - Memari Procurement Depot,5.7,Wheat,2040.0,08:00 - 10:00,2,60,0.61,7,0,0,36.7,SYNTHETIC DEMO LOG FOR DEVELOPMENT/TESTING ONLY
TRUE,DEMO-00425,C-05,Centre E - Kalyani Storage & Hub,35.8,Mustard,2260.0,08:00 - 10:00,2,50,0.58,4,0,1,27.9,SYNTHETIC DEMO LOG FOR DEVELOPMENT/TESTING ONLY
TRUE,DEMO-00426,C-05,Centre E - Kalyani Storage & Hub,41.8,Maize,2060.0,08:00 - 10:00,2,50,0.23,3,0,1,25.4,SYNTHETIC DEMO LOG FOR DEVELOPMENT/TESTING ONLY
TRUE,DEMO-00427,C-05,Centre E - Kalyani Storage & Hub,13.4,Wheat,2360.0,14:00 - 16:00,2,50,0.62,3,0,1,28.0,SYNTHETIC DEMO LOG FOR DEVELOPMENT/TESTING ONLY
TRUE,DEMO-00428,C-05,Centre E - Kalyani Storage & Hub,3.7,Maize,3140.0,14:00 - 16:00,2,50,0.43,2,0,1,31.0,SYNTHETIC DEMO LOG FOR DEVELOPMENT/TESTING ONLY
TRUE,DEMO-00429,C-06,Centre F - Guskara Sub-Mandi,40.6,Mustard,270.0,12:00 - 14:00,2,40,0.83,3,1,1,32.4,SYNTHETIC DEMO LOG FOR DEVELOPMENT/TESTING ONLY
TRUE,DEMO-00430,C-06,Centre F - Guskara Sub-Mandi,7.8,Potato,3410.0,10:00 - 12:00,2,40,0.52,10,1,0,90.8,SYNTHETIC DEMO LOG FOR DEVELOPMENT/TESTING ONLY
TRUE,DEMO-00431,C-03,Centre C - Memari Procurement Depot,29.8,Mustard,820.0,16:00 - 18:00,2,60,0.33,4,0,0,20.3,SYNTHETIC DEMO LOG FOR DEVELOPMENT/TESTING ONLY
TRUE,DEMO-00432,C-03,Centre C - Memari Procurement Depot,36.0,Potato,420.0,16:00 - 18:00,2,60,0.74,2,0,1,5.3,SYNTHETIC DEMO LOG FOR DEVELOPMENT/TESTING ONLY
TRUE,DEMO-00433,C-05,Centre E - Kalyani Storage & Hub,9.5,Maize,3090.0,08:00 - 10:00,2,50,0.32,1,0,1,25.5,SYNTHETIC DEMO LOG FOR DEVELOPMENT/TESTING ONLY
TRUE,DEMO-00434,C-03,Centre C - Memari Procurement Depot,17.8,Paddy,1730.0,12:00 - 14:00,2,60,0.48,7,0,1,38.5,SYNTHETIC DEMO LOG FOR DEVELOPMENT/TESTING ONLY
TRUE,DEMO-00435,C-06,Centre F - Guskara Sub-Mandi,18.0,Potato,2160.0,10:00 - 12:00,2,40,0.3,10,1,0,73.1,SYNTHETIC DEMO LOG FOR DEVELOPMENT/TESTING ONLY
TRUE,DEMO-00436,C-02,Centre B - Singur Agro Hub,14.3,Wheat,1480.0,08:00 - 10:00,4,100,0.29,5,0,0,15.0,SYNTHETIC DEMO LOG FOR DEVELOPMENT/TESTING ONLY
TRUE,DEMO-00437,C-02,Centre B - Singur Agro Hub,31.1,Paddy,1090.0,10:00 - 12:00,4,100,0.49,1,0,1,8.4,SYNTHETIC DEMO LOG FOR DEVELOPMENT/TESTING ONLY
TRUE,DEMO-00438,C-01,Centre A - Burdwan Mandi,29.8,Mustard,2180.0,10:00 - 12:00,3,80,0.16,4,0,1,18.5,SYNTHETIC DEMO LOG FOR DEVELOPMENT/TESTING ONLY
TRUE,DEMO-00439,C-03,Centre C - Memari Procurement Depot,40.5,Wheat,3010.0,14:00 - 16:00,2,60,0.53,2,0,0,29.9,SYNTHETIC DEMO LOG FOR DEVELOPMENT/TESTING ONLY
TRUE,DEMO-00440,C-05,Centre E - Kalyani Storage & Hub,6.4,Mustard,1890.0,16:00 - 18:00,2,50,0.7,4,0,1,30.3,SYNTHETIC DEMO LOG FOR DEVELOPMENT/TESTING ONLY
TRUE,DEMO-00441,C-03,Centre C - Memari Procurement Depot,28.2,Maize,1180.0,16:00 - 18:00,2,60,0.24,0,0,1,13.7,SYNTHETIC DEMO LOG FOR DEVELOPMENT/TESTING ONLY
TRUE,DEMO-00442,C-03,Centre C - Memari Procurement Depot,10.1,Wheat,1910.0,12:00 - 14:00,2,60,0.35,1,0,0,18.5,SYNTHETIC DEMO LOG FOR DEVELOPMENT/TESTING ONLY
TRUE,DEMO-00443,C-05,Centre E - Kalyani Storage & Hub,31.3,Mustard,2580.0,12:00 - 14:00,2,50,0.69,7,0,1,41.9,SYNTHETIC DEMO LOG FOR DEVELOPMENT/TESTING ONLY
TRUE,DEMO-00444,C-04,Centre D - Ranaghat Krishak Mandi,32.4,Potato,2090.0,16:00 - 18:00,3,90,0.31,3,0,0,25.0,SYNTHETIC DEMO LOG FOR DEVELOPMENT/TESTING ONLY
TRUE,DEMO-00445,C-02,Centre B - Singur Agro Hub,41.0,Maize,2420.0,14:00 - 16:00,4,100,0.57,5,0,0,24.6,SYNTHETIC DEMO LOG FOR DEVELOPMENT/TESTING ONLY
TRUE,DEMO-00446,C-02,Centre B - Singur Agro Hub,22.2,Wheat,2650.0,08:00 - 10:00,4,100,0.75,5,0,0,17.4,SYNTHETIC DEMO LOG FOR DEVELOPMENT/TESTING ONLY
TRUE,DEMO-00447,C-02,Centre B - Singur Agro Hub,11.6,Wheat,940.0,08:00 - 10:00,4,100,0.87,10,0,0,34.6,SYNTHETIC DEMO LOG FOR DEVELOPMENT/TESTING ONLY
TRUE,DEMO-00448,C-04,Centre D - Ranaghat Krishak Mandi,4.3,Potato,2290.0,14:00 - 16:00,3,90,0.63,4,0,0,28.5,SYNTHETIC DEMO LOG FOR DEVELOPMENT/TESTING ONLY
TRUE,DEMO-00449,C-04,Centre D - Ranaghat Krishak Mandi,7.2,Paddy,2450.0,16:00 - 18:00,3,90,0.59,2,0,1,23.2,SYNTHETIC DEMO LOG FOR DEVELOPMENT/TESTING ONLY
TRUE,DEMO-00450,C-02,Centre B - Singur Agro Hub,44.4,Wheat,3150.0,14:00 - 16:00,4,100,0.97,11,1,0,69.4,SYNTHETIC DEMO LOG FOR DEVELOPMENT/TESTING ONLY
TRUE,DEMO-00451,C-06,Centre F - Guskara Sub-Mandi,23.0,Paddy,2280.0,08:00 - 10:00,2,40,0.3,5,1,1,61.6,SYNTHETIC DEMO LOG FOR DEVELOPMENT/TESTING ONLY
TRUE,DEMO-00452,C-02,Centre B - Singur Agro Hub,23.1,Maize,2720.0,10:00 - 12:00,4,100,0.22,7,0,0,26.5,SYNTHETIC DEMO LOG FOR DEVELOPMENT/TESTING ONLY
TRUE,DEMO-00453,C-06,Centre F - Guskara Sub-Mandi,20.4,Mustard,1780.0,14:00 - 16:00,2,40,0.15,3,1,1,46.5,SYNTHETIC DEMO LOG FOR DEVELOPMENT/TESTING ONLY
TRUE,DEMO-00454,C-03,Centre C - Memari Procurement Depot,2.8,Maize,210.0,10:00 - 12:00,2,60,0.76,3,0,1,5.0,SYNTHETIC DEMO LOG FOR DEVELOPMENT/TESTING ONLY
TRUE,DEMO-00455,C-03,Centre C - Memari Procurement Depot,6.4,Wheat,1860.0,10:00 - 12:00,2,60,0.4,2,0,0,28.9,SYNTHETIC DEMO LOG FOR DEVELOPMENT/TESTING ONLY
TRUE,DEMO-00456,C-04,Centre D - Ranaghat Krishak Mandi,24.5,Maize,1630.0,16:00 - 18:00,3,90,0.72,1,0,0,16.0,SYNTHETIC DEMO LOG FOR DEVELOPMENT/TESTING ONLY
TRUE,DEMO-00457,C-04,Centre D - Ranaghat Krishak Mandi,9.1,Wheat,3190.0,10:00 - 12:00,3,90,0.82,1,0,1,26.4,SYNTHETIC DEMO LOG FOR DEVELOPMENT/TESTING ONLY
TRUE,DEMO-00458,C-02,Centre B - Singur Agro Hub,23.7,Potato,610.0,16:00 - 18:00,4,100,0.74,3,0,1,17.0,SYNTHETIC DEMO LOG FOR DEVELOPMENT/TESTING ONLY
TRUE,DEMO-00459,C-04,Centre D - Ranaghat Krishak Mandi,28.8,Wheat,2160.0,16:00 - 18:00,3,90,0.19,1,0,1,18.2,SYNTHETIC DEMO LOG FOR DEVELOPMENT/TESTING ONLY
TRUE,DEMO-00460,C-01,Centre A - Burdwan Mandi,18.4,Mustard,2010.0,14:00 - 16:00,3,80,0.54,1,0,1,14.6,SYNTHETIC DEMO LOG FOR DEVELOPMENT/TESTING ONLY
TRUE,DEMO-00461,C-06,Centre F - Guskara Sub-Mandi,20.1,Potato,530.0,12:00 - 14:00,2,40,0.58,5,1,0,41.6,SYNTHETIC DEMO LOG FOR DEVELOPMENT/TESTING ONLY
TRUE,DEMO-00462,C-01,Centre A - Burdwan Mandi,7.1,Maize,580.0,16:00 - 18:00,3,80,0.24,1,0,1,5.0,SYNTHETIC DEMO LOG FOR DEVELOPMENT/TESTING ONLY
TRUE,DEMO-00463,C-02,Centre B - Singur Agro Hub,43.8,Wheat,1380.0,16:00 - 18:00,4,100,0.49,1,0,0,5.0,SYNTHETIC DEMO LOG FOR DEVELOPMENT/TESTING ONLY
TRUE,DEMO-00464,C-06,Centre F - Guskara Sub-Mandi,12.1,Mustard,240.0,12:00 - 14:00,2,40,0.22,1,1,1,23.8,SYNTHETIC DEMO LOG FOR DEVELOPMENT/TESTING ONLY
TRUE,DEMO-00465,C-05,Centre E - Kalyani Storage & Hub,42.8,Mustard,2770.0,10:00 - 12:00,2,50,0.21,9,0,1,53.9,SYNTHETIC DEMO LOG FOR DEVELOPMENT/TESTING ONLY
TRUE,DEMO-00466,C-04,Centre D - Ranaghat Krishak Mandi,22.0,Wheat,530.0,12:00 - 14:00,3,90,0.3,1,0,1,5.0,SYNTHETIC DEMO LOG FOR DEVELOPMENT/TESTING ONLY
TRUE,DEMO-00467,C-03,Centre C - Memari Procurement Depot,20.3,Wheat,580.0,12:00 - 14:00,2,60,0.86,11,0,0,60.8,SYNTHETIC DEMO LOG FOR DEVELOPMENT/TESTING ONLY
TRUE,DEMO-00468,C-02,Centre B - Singur Agro Hub,40.5,Wheat,3350.0,12:00 - 14:00,4,100,0.37,6,0,0,24.4,SYNTHETIC DEMO LOG FOR DEVELOPMENT/TESTING ONLY
TRUE,DEMO-00469,C-03,Centre C - Memari Procurement Depot,6.9,Wheat,1520.0,10:00 - 12:00,2,60,0.53,10,0,0,45.9,SYNTHETIC DEMO LOG FOR DEVELOPMENT/TESTING ONLY
TRUE,DEMO-00470,C-04,Centre D - Ranaghat Krishak Mandi,7.7,Paddy,2600.0,08:00 - 10:00,3,90,0.96,11,1,1,75.9,SYNTHETIC DEMO LOG FOR DEVELOPMENT/TESTING ONLY
TRUE,DEMO-00471,C-04,Centre D - Ranaghat Krishak Mandi,36.5,Maize,2440.0,14:00 - 16:00,3,90,0.3,2,0,0,21.5,SYNTHETIC DEMO LOG FOR DEVELOPMENT/TESTING ONLY
TRUE,DEMO-00472,C-06,Centre F - Guskara Sub-Mandi,41.6,Paddy,570.0,14:00 - 16:00,2,40,0.49,1,1,1,29.5,SYNTHETIC DEMO LOG FOR DEVELOPMENT/TESTING ONLY
TRUE,DEMO-00473,C-03,Centre C - Memari Procurement Depot,32.3,Wheat,2440.0,08:00 - 10:00,2,60,0.79,5,0,0,29.4,SYNTHETIC DEMO LOG FOR DEVELOPMENT/TESTING ONLY
TRUE,DEMO-00474,C-06,Centre F - Guskara Sub-Mandi,24.5,Wheat,2510.0,16:00 - 18:00,2,40,0.23,3,1,0,51.1,SYNTHETIC DEMO LOG FOR DEVELOPMENT/TESTING ONLY
TRUE,DEMO-00475,C-02,Centre B - Singur Agro Hub,30.5,Mustard,2320.0,12:00 - 14:00,4,100,0.27,6,0,1,25.8,SYNTHETIC DEMO LOG FOR DEVELOPMENT/TESTING ONLY
TRUE,DEMO-00476,C-01,Centre A - Burdwan Mandi,38.5,Paddy,3010.0,16:00 - 18:00,3,80,0.87,7,0,1,48.3,SYNTHETIC DEMO LOG FOR DEVELOPMENT/TESTING ONLY
TRUE,DEMO-00477,C-03,Centre C - Memari Procurement Depot,43.7,Paddy,370.0,12:00 - 14:00,2,60,0.33,5,0,1,18.7,SYNTHETIC DEMO LOG FOR DEVELOPMENT/TESTING ONLY
TRUE,DEMO-00478,C-04,Centre D - Ranaghat Krishak Mandi,21.3,Mustard,3030.0,16:00 - 18:00,3,90,0.52,1,0,1,25.1,SYNTHETIC DEMO LOG FOR DEVELOPMENT/TESTING ONLY
TRUE,DEMO-00479,C-04,Centre D - Ranaghat Krishak Mandi,19.3,Potato,320.0,08:00 - 10:00,3,90,0.61,7,0,0,20.6,SYNTHETIC DEMO LOG FOR DEVELOPMENT/TESTING ONLY
TRUE,DEMO-00480,C-06,Centre F - Guskara Sub-Mandi,26.2,Wheat,2360.0,16:00 - 18:00,2,40,0.53,2,1,0,42.0,SYNTHETIC DEMO LOG FOR DEVELOPMENT/TESTING ONLY
TRUE,DEMO-00481,C-01,Centre A - Burdwan Mandi,16.3,Paddy,2730.0,14:00 - 16:00,3,80,0.65,4,0,1,24.9,SYNTHETIC DEMO LOG FOR DEVELOPMENT/TESTING ONLY
TRUE,DEMO-00482,C-01,Centre A - Burdwan Mandi,16.7,Paddy,2940.0,08:00 - 10:00,3,80,0.95,11,1,1,82.3,SYNTHETIC DEMO LOG FOR DEVELOPMENT/TESTING ONLY
TRUE,DEMO-00483,C-03,Centre C - Memari Procurement Depot,40.6,Potato,1820.0,08:00 - 10:00,2,60,0.83,6,0,1,33.6,SYNTHETIC DEMO LOG FOR DEVELOPMENT/TESTING ONLY
TRUE,DEMO-00484,C-02,Centre B - Singur Agro Hub,42.0,Paddy,1500.0,08:00 - 10:00,4,100,0.53,7,0,1,21.3,SYNTHETIC DEMO LOG FOR DEVELOPMENT/TESTING ONLY
TRUE,DEMO-00485,C-06,Centre F - Guskara Sub-Mandi,34.6,Wheat,350.0,08:00 - 10:00,2,40,0.68,6,1,0,48.8,SYNTHETIC DEMO LOG FOR DEVELOPMENT/TESTING ONLY
TRUE,DEMO-00486,C-04,Centre D - Ranaghat Krishak Mandi,7.8,Maize,1850.0,16:00 - 18:00,3,90,0.59,0,0,0,17.6,SYNTHETIC DEMO LOG FOR DEVELOPMENT/TESTING ONLY
TRUE,DEMO-00487,C-04,Centre D - Ranaghat Krishak Mandi,41.7,Maize,2780.0,14:00 - 16:00,3,90,0.91,9,1,0,75.5,SYNTHETIC DEMO LOG FOR DEVELOPMENT/TESTING ONLY
TRUE,DEMO-00488,C-04,Centre D - Ranaghat Krishak Mandi,40.0,Maize,1860.0,16:00 - 18:00,3,90,0.47,4,0,0,21.0,SYNTHETIC DEMO LOG FOR DEVELOPMENT/TESTING ONLY
TRUE,DEMO-00489,C-06,Centre F - Guskara Sub-Mandi,19.1,Paddy,1330.0,12:00 - 14:00,2,40,0.39,6,1,1,56.3,SYNTHETIC DEMO LOG FOR DEVELOPMENT/TESTING ONLY
TRUE,DEMO-00490,C-06,Centre F - Guskara Sub-Mandi,38.3,Maize,2010.0,12:00 - 14:00,2,40,0.41,6,1,0,63.2,SYNTHETIC DEMO LOG FOR DEVELOPMENT/TESTING ONLY
TRUE,DEMO-00491,C-05,Centre E - Kalyani Storage & Hub,11.0,Paddy,2560.0,10:00 - 12:00,2,50,0.72,11,0,1,59.1,SYNTHETIC DEMO LOG FOR DEVELOPMENT/TESTING ONLY
TRUE,DEMO-00492,C-02,Centre B - Singur Agro Hub,31.9,Maize,1260.0,16:00 - 18:00,4,100,0.25,2,0,0,13.5,SYNTHETIC DEMO LOG FOR DEVELOPMENT/TESTING ONLY
TRUE,DEMO-00493,C-04,Centre D - Ranaghat Krishak Mandi,42.5,Maize,2540.0,16:00 - 18:00,3,90,0.71,4,0,0,21.4,SYNTHETIC DEMO LOG FOR DEVELOPMENT/TESTING ONLY
TRUE,DEMO-00494,C-04,Centre D - Ranaghat Krishak Mandi,6.6,Potato,1460.0,16:00 - 18:00,3,90,0.19,0,0,0,9.1,SYNTHETIC DEMO LOG FOR DEVELOPMENT/TESTING ONLY
TRUE,DEMO-00495,C-03,Centre C - Memari Procurement Depot,31.4,Paddy,680.0,12:00 - 14:00,2,60,0.2,6,0,1,27.5,SYNTHETIC DEMO LOG FOR DEVELOPMENT/TESTING ONLY
TRUE,DEMO-00496,C-03,Centre C - Memari Procurement Depot,28.5,Mustard,2430.0,08:00 - 10:00,2,60,0.62,2,0,0,30.0,SYNTHETIC DEMO LOG FOR DEVELOPMENT/TESTING ONLY
TRUE,DEMO-00497,C-06,Centre F - Guskara Sub-Mandi,12.2,Maize,2790.0,14:00 - 16:00,2,40,0.81,2,1,0,50.0,SYNTHETIC DEMO LOG FOR DEVELOPMENT/TESTING ONLY
TRUE,DEMO-00498,C-04,Centre D - Ranaghat Krishak Mandi,43.5,Mustard,380.0,12:00 - 14:00,3,90,0.77,2,0,1,5.0,SYNTHETIC DEMO LOG FOR DEVELOPMENT/TESTING ONLY
TRUE,DEMO-00499,C-04,Centre D - Ranaghat Krishak Mandi,34.5,Paddy,2000.0,12:00 - 14:00,3,90,0.65,6,0,1,30.6,SYNTHETIC DEMO LOG FOR DEVELOPMENT/TESTING ONLY
TRUE,DEMO-00500,C-02,Centre B - Singur Agro Hub,43.4,Potato,2630.0,10:00 - 12:00,4,100,0.25,1,0,1,14.9,SYNTHETIC DEMO LOG FOR DEVELOPMENT/TESTING ONLY
TRUE,DEMO-00501,C-03,Centre C - Memari Procurement Depot,7.6,Maize,2130.0,12:00 - 14:00,2,60,0.36,3,0,1,27.1,SYNTHETIC DEMO LOG FOR DEVELOPMENT/TESTING ONLY
TRUE,DEMO-00502,C-02,Centre B - Singur Agro Hub,4.2,Wheat,3280.0,16:00 - 18:00,4,100,0.66,3,0,0,20.6,SYNTHETIC DEMO LOG FOR DEVELOPMENT/TESTING ONLY
TRUE,DEMO-00503,C-04,Centre D - Ranaghat Krishak Mandi,17.4,Maize,2790.0,16:00 - 18:00,3,90,0.41,1,0,0,22.6,SYNTHETIC DEMO LOG FOR DEVELOPMENT/TESTING ONLY
TRUE,DEMO-00504,C-05,Centre E - Kalyani Storage & Hub,25.4,Paddy,1530.0,14:00 - 16:00,2,50,0.44,5,0,1,28.9,SYNTHETIC DEMO LOG FOR DEVELOPMENT/TESTING ONLY
TRUE,DEMO-00505,C-06,Centre F - Guskara Sub-Mandi,17.5,Wheat,920.0,12:00 - 14:00,2,40,0.77,4,1,0,48.3,SYNTHETIC DEMO LOG FOR DEVELOPMENT/TESTING ONLY
TRUE,DEMO-00506,C-06,Centre F - Guskara Sub-Mandi,30.8,Potato,1670.0,08:00 - 10:00,2,40,0.9,13,1,0,96.2,SYNTHETIC DEMO LOG FOR DEVELOPMENT/TESTING ONLY
TRUE,DEMO-00507,C-02,Centre B - Singur Agro Hub,18.4,Potato,2830.0,12:00 - 14:00,4,100,0.24,2,0,1,18.1,SYNTHETIC DEMO LOG FOR DEVELOPMENT/TESTING ONLY
TRUE,DEMO-00508,C-05,Centre E - Kalyani Storage & Hub,36.5,Wheat,1670.0,16:00 - 18:00,2,50,0.19,4,0,1,24.7,SYNTHETIC DEMO LOG FOR DEVELOPMENT/TESTING ONLY
TRUE,DEMO-00509,C-02,Centre B - Singur Agro Hub,5.5,Wheat,520.0,16:00 - 18:00,4,100,0.96,11,1,0,58.1,SYNTHETIC DEMO LOG FOR DEVELOPMENT/TESTING ONLY
TRUE,DEMO-00510,C-06,Centre F - Guskara Sub-Mandi,37.9,Paddy,880.0,14:00 - 16:00,2,40,0.84,5,1,1,45.9,SYNTHETIC DEMO LOG FOR DEVELOPMENT/TESTING ONLY
TRUE,DEMO-00511,C-06,Centre F - Guskara Sub-Mandi,34.1,Mustard,710.0,08:00 - 10:00,2,40,0.53,3,1,1,38.1,SYNTHETIC DEMO LOG FOR DEVELOPMENT/TESTING ONLY
TRUE,DEMO-00512,C-03,Centre C - Memari Procurement Depot,26.7,Maize,950.0,08:00 - 10:00,2,60,0.36,4,0,1,22.1,SYNTHETIC DEMO LOG FOR DEVELOPMENT/TESTING ONLY
TRUE,DEMO-00513,C-06,Centre F - Guskara Sub-Mandi,15.6,Mustard,1490.0,14:00 - 16:00,2,40,0.25,0,1,1,34.0,SYNTHETIC DEMO LOG FOR DEVELOPMENT/TESTING ONLY
TRUE,DEMO-00514,C-06,Centre F - Guskara Sub-Mandi,32.1,Maize,440.0,08:00 - 10:00,2,40,0.92,11,1,0,76.6,SYNTHETIC DEMO LOG FOR DEVELOPMENT/TESTING ONLY
TRUE,DEMO-00515,C-06,Centre F - Guskara Sub-Mandi,5.7,Wheat,2730.0,16:00 - 18:00,2,40,0.51,2,1,0,51.1,SYNTHETIC DEMO LOG FOR DEVELOPMENT/TESTING ONLY
TRUE,DEMO-00516,C-05,Centre E - Kalyani Storage & Hub,34.1,Paddy,2830.0,10:00 - 12:00,2,50,0.86,13,0,1,76.9,SYNTHETIC DEMO LOG FOR DEVELOPMENT/TESTING ONLY
TRUE,DEMO-00517,C-02,Centre B - Singur Agro Hub,43.2,Wheat,240.0,12:00 - 14:00,4,100,0.88,5,0,0,29.0,SYNTHETIC DEMO LOG FOR DEVELOPMENT/TESTING ONLY
TRUE,DEMO-00518,C-05,Centre E - Kalyani Storage & Hub,15.1,Maize,2670.0,08:00 - 10:00,2,50,0.9,10,0,1,68.3,SYNTHETIC DEMO LOG FOR DEVELOPMENT/TESTING ONLY
TRUE,DEMO-00519,C-06,Centre F - Guskara Sub-Mandi,8.9,Maize,930.0,10:00 - 12:00,2,40,0.84,3,1,0,41.6,SYNTHETIC DEMO LOG FOR DEVELOPMENT/TESTING ONLY
TRUE,DEMO-00520,C-01,Centre A - Burdwan Mandi,29.7,Maize,440.0,14:00 - 16:00,3,80,0.71,2,0,1,12.4,SYNTHETIC DEMO LOG FOR DEVELOPMENT/TESTING ONLY
TRUE,DEMO-00521,C-02,Centre B - Singur Agro Hub,42.9,Maize,1380.0,14:00 - 16:00,4,100,0.71,2,0,0,10.4,SYNTHETIC DEMO LOG FOR DEVELOPMENT/TESTING ONLY
TRUE,DEMO-00522,C-02,Centre B - Singur Agro Hub,21.4,Wheat,2230.0,14:00 - 16:00,4,100,0.4,4,0,0,19.7,SYNTHETIC DEMO LOG FOR DEVELOPMENT/TESTING ONLY
TRUE,DEMO-00523,C-05,Centre E - Kalyani Storage & Hub,36.7,Maize,3360.0,12:00 - 14:00,2,50,0.29,3,0,1,34.4,SYNTHETIC DEMO LOG FOR DEVELOPMENT/TESTING ONLY
TRUE,DEMO-00524,C-06,Centre F - Guskara Sub-Mandi,38.1,Mustard,640.0,12:00 - 14:00,2,40,0.76,7,1,1,46.0,SYNTHETIC DEMO LOG FOR DEVELOPMENT/TESTING ONLY
TRUE,DEMO-00525,C-04,Centre D - Ranaghat Krishak Mandi,35.3,Mustard,1810.0,12:00 - 14:00,3,90,0.24,5,0,1,26.6,SYNTHETIC DEMO LOG FOR DEVELOPMENT/TESTING ONLY
TRUE,DEMO-00526,C-02,Centre B - Singur Agro Hub,13.3,Maize,3120.0,10:00 - 12:00,4,100,0.21,2,0,0,20.9,SYNTHETIC DEMO LOG FOR DEVELOPMENT/TESTING ONLY
TRUE,DEMO-00527,C-01,Centre A - Burdwan Mandi,36.9,Maize,2110.0,08:00 - 10:00,3,80,0.79,2,0,1,20.7,SYNTHETIC DEMO LOG FOR DEVELOPMENT/TESTING ONLY
TRUE,DEMO-00528,C-05,Centre E - Kalyani Storage & Hub,17.7,Mustard,940.0,10:00 - 12:00,2,50,0.79,9,0,1,38.4,SYNTHETIC DEMO LOG FOR DEVELOPMENT/TESTING ONLY
TRUE,DEMO-00529,C-03,Centre C - Memari Procurement Depot,23.5,Paddy,500.0,14:00 - 16:00,2,60,0.45,0,0,1,5.0,SYNTHETIC DEMO LOG FOR DEVELOPMENT/TESTING ONLY
TRUE,DEMO-00530,C-05,Centre E - Kalyani Storage & Hub,8.0,Paddy,730.0,16:00 - 18:00,2,50,0.62,2,0,1,19.7,SYNTHETIC DEMO LOG FOR DEVELOPMENT/TESTING ONLY
TRUE,DEMO-00531,C-02,Centre B - Singur Agro Hub,3.7,Mustard,2710.0,12:00 - 14:00,4,100,0.34,2,0,1,18.0,SYNTHETIC DEMO LOG FOR DEVELOPMENT/TESTING ONLY
TRUE,DEMO-00532,C-05,Centre E - Kalyani Storage & Hub,22.2,Wheat,1700.0,14:00 - 16:00,2,50,0.19,6,0,1,37.0,SYNTHETIC DEMO LOG FOR DEVELOPMENT/TESTING ONLY
TRUE,DEMO-00533,C-03,Centre C - Memari Procurement Depot,29.2,Potato,1100.0,16:00 - 18:00,2,60,0.77,3,0,1,16.7,SYNTHETIC DEMO LOG FOR DEVELOPMENT/TESTING ONLY
TRUE,DEMO-00534,C-04,Centre D - Ranaghat Krishak Mandi,30.1,Wheat,2960.0,16:00 - 18:00,3,90,0.58,2,0,1,24.4,SYNTHETIC DEMO LOG FOR DEVELOPMENT/TESTING ONLY
TRUE,DEMO-00535,C-02,Centre B - Singur Agro Hub,17.2,Maize,3060.0,14:00 - 16:00,4,100,0.55,3,0,0,18.4,SYNTHETIC DEMO LOG FOR DEVELOPMENT/TESTING ONLY
TRUE,DEMO-00536,C-02,Centre B - Singur Agro Hub,11.9,Mustard,1900.0,10:00 - 12:00,4,100,0.38,3,0,1,13.0,SYNTHETIC DEMO LOG FOR DEVELOPMENT/TESTING ONLY
TRUE,DEMO-00537,C-02,Centre B - Singur Agro Hub,32.8,Wheat,590.0,16:00 - 18:00,4,100,0.34,4,0,0,9.4,SYNTHETIC DEMO LOG FOR DEVELOPMENT/TESTING ONLY
TRUE,DEMO-00538,C-04,Centre D - Ranaghat Krishak Mandi,27.4,Mustard,2340.0,10:00 - 12:00,3,90,0.49,4,0,1,22.6,SYNTHETIC DEMO LOG FOR DEVELOPMENT/TESTING ONLY
TRUE,DEMO-00539,C-02,Centre B - Singur Agro Hub,8.9,Maize,2280.0,16:00 - 18:00,4,100,0.18,3,0,0,19.3,SYNTHETIC DEMO LOG FOR DEVELOPMENT/TESTING ONLY
TRUE,DEMO-00540,C-02,Centre B - Singur Agro Hub,27.8,Maize,2060.0,14:00 - 16:00,4,100,0.17,4,0,0,18.5,SYNTHETIC DEMO LOG FOR DEVELOPMENT/TESTING ONLY
TRUE,DEMO-00541,C-06,Centre F - Guskara Sub-Mandi,11.3,Wheat,2200.0,08:00 - 10:00,2,40,0.54,4,1,0,55.5,SYNTHETIC DEMO LOG FOR DEVELOPMENT/TESTING ONLY
TRUE,DEMO-00542,C-02,Centre B - Singur Agro Hub,28.8,Maize,1890.0,10:00 - 12:00,4,100,0.29,8,0,0,26.9,SYNTHETIC DEMO LOG FOR DEVELOPMENT/TESTING ONLY
TRUE,DEMO-00543,C-04,Centre D - Ranaghat Krishak Mandi,5.0,Maize,1450.0,16:00 - 18:00,3,90,0.26,0,0,0,5.0,SYNTHETIC DEMO LOG FOR DEVELOPMENT/TESTING ONLY
TRUE,DEMO-00544,C-06,Centre F - Guskara Sub-Mandi,28.0,Mustard,790.0,10:00 - 12:00,2,40,0.9,17,1,1,101.1,SYNTHETIC DEMO LOG FOR DEVELOPMENT/TESTING ONLY
TRUE,DEMO-00545,C-05,Centre E - Kalyani Storage & Hub,6.0,Maize,2380.0,08:00 - 10:00,2,50,0.9,9,0,1,66.8,SYNTHETIC DEMO LOG FOR DEVELOPMENT/TESTING ONLY
TRUE,DEMO-00546,C-06,Centre F - Guskara Sub-Mandi,20.1,Mustard,3090.0,16:00 - 18:00,2,40,0.73,2,1,1,53.2,SYNTHETIC DEMO LOG FOR DEVELOPMENT/TESTING ONLY
TRUE,DEMO-00547,C-04,Centre D - Ranaghat Krishak Mandi,27.3,Mustard,2650.0,12:00 - 14:00,3,90,0.78,5,0,1,31.8,SYNTHETIC DEMO LOG FOR DEVELOPMENT/TESTING ONLY
TRUE,DEMO-00548,C-04,Centre D - Ranaghat Krishak Mandi,14.2,Paddy,3090.0,08:00 - 10:00,3,90,0.49,2,0,1,27.5,SYNTHETIC DEMO LOG FOR DEVELOPMENT/TESTING ONLY
TRUE,DEMO-00549,C-06,Centre F - Guskara Sub-Mandi,24.5,Potato,1920.0,16:00 - 18:00,2,40,0.46,1,1,0,42.8,SYNTHETIC DEMO LOG FOR DEVELOPMENT/TESTING ONLY
TRUE,DEMO-00550,C-01,Centre A - Burdwan Mandi,30.0,Paddy,1040.0,14:00 - 16:00,3,80,0.86,9,0,1,39.9,SYNTHETIC DEMO LOG FOR DEVELOPMENT/TESTING ONLY
TRUE,DEMO-00551,C-05,Centre E - Kalyani Storage & Hub,34.5,Wheat,1560.0,14:00 - 16:00,2,50,0.8,3,0,1,18.5,SYNTHETIC DEMO LOG FOR DEVELOPMENT/TESTING ONLY
TRUE,DEMO-00552,C-03,Centre C - Memari Procurement Depot,16.8,Wheat,2530.0,16:00 - 18:00,2,60,0.76,4,0,0,37.0,SYNTHETIC DEMO LOG FOR DEVELOPMENT/TESTING ONLY
TRUE,DEMO-00553,C-06,Centre F - Guskara Sub-Mandi,21.2,Potato,2510.0,10:00 - 12:00,2,40,0.28,3,1,0,52.1,SYNTHETIC DEMO LOG FOR DEVELOPMENT/TESTING ONLY
TRUE,DEMO-00554,C-05,Centre E - Kalyani Storage & Hub,8.9,Maize,3380.0,08:00 - 10:00,2,50,0.15,1,0,1,28.1,SYNTHETIC DEMO LOG FOR DEVELOPMENT/TESTING ONLY
TRUE,DEMO-00555,C-02,Centre B - Singur Agro Hub,20.7,Mustard,410.0,16:00 - 18:00,4,100,0.33,0,0,1,5.0,SYNTHETIC DEMO LOG FOR DEVELOPMENT/TESTING ONLY
TRUE,DEMO-00556,C-04,Centre D - Ranaghat Krishak Mandi,14.3,Maize,3380.0,16:00 - 18:00,3,90,0.2,3,0,0,31.7,SYNTHETIC DEMO LOG FOR DEVELOPMENT/TESTING ONLY
TRUE,DEMO-00557,C-02,Centre B - Singur Agro Hub,2.5,Mustard,3010.0,14:00 - 16:00,4,100,0.92,8,1,1,68.6,SYNTHETIC DEMO LOG FOR DEVELOPMENT/TESTING ONLY
TRUE,DEMO-00558,C-05,Centre E - Kalyani Storage & Hub,9.3,Paddy,320.0,16:00 - 18:00,2,50,0.35,0,0,1,5.0,SYNTHETIC DEMO LOG FOR DEVELOPMENT/TESTING ONLY
TRUE,DEMO-00559,C-02,Centre B - Singur Agro Hub,35.5,Potato,1370.0,12:00 - 14:00,4,100,0.48,5,0,1,11.0,SYNTHETIC DEMO LOG FOR DEVELOPMENT/TESTING ONLY
TRUE,DEMO-00560,C-01,Centre A - Burdwan Mandi,14.2,Potato,2940.0,16:00 - 18:00,3,80,0.91,12,1,1,81.6,SYNTHETIC DEMO LOG FOR DEVELOPMENT/TESTING ONLY
TRUE,DEMO-00561,C-03,Centre C - Memari Procurement Depot,43.4,Paddy,1700.0,16:00 - 18:00,2,60,0.49,0,0,1,15.2,SYNTHETIC DEMO LOG FOR DEVELOPMENT/TESTING ONLY
TRUE,DEMO-00562,C-05,Centre E - Kalyani Storage & Hub,14.7,Potato,3330.0,16:00 - 18:00,2,50,0.82,4,0,1,39.8,SYNTHETIC DEMO LOG FOR DEVELOPMENT/TESTING ONLY
TRUE,DEMO-00563,C-05,Centre E - Kalyani Storage & Hub,31.9,Maize,3390.0,12:00 - 14:00,2,50,0.62,6,0,1,44.4,SYNTHETIC DEMO LOG FOR DEVELOPMENT/TESTING ONLY
TRUE,DEMO-00564,C-04,Centre D - Ranaghat Krishak Mandi,39.1,Mustard,1790.0,16:00 - 18:00,3,90,0.36,2,0,1,9.7,SYNTHETIC DEMO LOG FOR DEVELOPMENT/TESTING ONLY
TRUE,DEMO-00565,C-02,Centre B - Singur Agro Hub,19.7,Paddy,1370.0,12:00 - 14:00,4,100,0.59,5,0,1,15.7,SYNTHETIC DEMO LOG FOR DEVELOPMENT/TESTING ONLY
TRUE,DEMO-00566,C-04,Centre D - Ranaghat Krishak Mandi,25.8,Wheat,790.0,08:00 - 10:00,3,90,0.41,2,0,1,12.7,SYNTHETIC DEMO LOG FOR DEVELOPMENT/TESTING ONLY
TRUE,DEMO-00567,C-05,Centre E - Kalyani Storage & Hub,42.7,Wheat,2450.0,10:00 - 12:00,2,50,0.91,11,1,1,90.4,SYNTHETIC DEMO LOG FOR DEVELOPMENT/TESTING ONLY
TRUE,DEMO-00568,C-03,Centre C - Memari Procurement Depot,10.7,Paddy,1020.0,10:00 - 12:00,2,60,0.66,3,0,1,20.9,SYNTHETIC DEMO LOG FOR DEVELOPMENT/TESTING ONLY
TRUE,DEMO-00569,C-01,Centre A - Burdwan Mandi,31.1,Potato,2390.0,08:00 - 10:00,3,80,0.66,6,0,1,28.7,SYNTHETIC DEMO LOG FOR DEVELOPMENT/TESTING ONLY
TRUE,DEMO-00570,C-04,Centre D - Ranaghat Krishak Mandi,15.6,Wheat,3160.0,16:00 - 18:00,3,90,0.88,9,0,1,58.2,SYNTHETIC DEMO LOG FOR DEVELOPMENT/TESTING ONLY
TRUE,DEMO-00571,C-04,Centre D - Ranaghat Krishak Mandi,14.1,Paddy,930.0,16:00 - 18:00,3,90,0.63,0,0,1,7.6,SYNTHETIC DEMO LOG FOR DEVELOPMENT/TESTING ONLY
TRUE,DEMO-00572,C-05,Centre E - Kalyani Storage & Hub,16.9,Potato,3040.0,16:00 - 18:00,2,50,0.79,2,0,1,24.4,SYNTHETIC DEMO LOG FOR DEVELOPMENT/TESTING ONLY
TRUE,DEMO-00573,C-01,Centre A - Burdwan Mandi,15.6,Maize,230.0,14:00 - 16:00,3,80,0.71,2,0,1,8.5,SYNTHETIC DEMO LOG FOR DEVELOPMENT/TESTING ONLY
TRUE,DEMO-00574,C-03,Centre C - Memari Procurement Depot,13.3,Paddy,1090.0,16:00 - 18:00,2,60,0.95,7,1,1,69.9,SYNTHETIC DEMO LOG FOR DEVELOPMENT/TESTING ONLY
TRUE,DEMO-00575,C-04,Centre D - Ranaghat Krishak Mandi,20.0,Mustard,2680.0,10:00 - 12:00,3,90,0.45,5,0,1,27.0,SYNTHETIC DEMO LOG FOR DEVELOPMENT/TESTING ONLY
TRUE,DEMO-00576,C-05,Centre E - Kalyani Storage & Hub,33.0,Paddy,2850.0,08:00 - 10:00,2,50,0.61,7,0,1,45.1,SYNTHETIC DEMO LOG FOR DEVELOPMENT/TESTING ONLY
TRUE,DEMO-00577,C-02,Centre B - Singur Agro Hub,22.3,Paddy,230.0,10:00 - 12:00,4,100,0.5,2,0,1,8.0,SYNTHETIC DEMO LOG FOR DEVELOPMENT/TESTING ONLY
TRUE,DEMO-00578,C-05,Centre E - Kalyani Storage & Hub,14.9,Wheat,2060.0,14:00 - 16:00,2,50,0.62,3,0,1,21.9,SYNTHETIC DEMO LOG FOR DEVELOPMENT/TESTING ONLY
TRUE,DEMO-00579,C-06,Centre F - Guskara Sub-Mandi,11.3,Paddy,1040.0,08:00 - 10:00,2,40,0.85,1,1,1,33.3,SYNTHETIC DEMO LOG FOR DEVELOPMENT/TESTING ONLY
TRUE,DEMO-00580,C-03,Centre C - Memari Procurement Depot,42.1,Maize,1050.0,16:00 - 18:00,2,60,0.17,1,0,1,9.6,SYNTHETIC DEMO LOG FOR DEVELOPMENT/TESTING ONLY
TRUE,DEMO-00581,C-06,Centre F - Guskara Sub-Mandi,26.8,Maize,2340.0,10:00 - 12:00,2,40,0.6,11,1,0,80.2,SYNTHETIC DEMO LOG FOR DEVELOPMENT/TESTING ONLY
TRUE,DEMO-00582,C-05,Centre E - Kalyani Storage & Hub,40.3,Mustard,1460.0,14:00 - 16:00,2,50,0.39,4,0,1,26.5,SYNTHETIC DEMO LOG FOR DEVELOPMENT/TESTING ONLY
TRUE,DEMO-00583,C-02,Centre B - Singur Agro Hub,20.1,Paddy,2220.0,12:00 - 14:00,4,100,0.49,7,0,1,26.2,SYNTHETIC DEMO LOG FOR DEVELOPMENT/TESTING ONLY
TRUE,DEMO-00584,C-03,Centre C - Memari Procurement Depot,32.5,Wheat,2200.0,12:00 - 14:00,2,60,0.48,7,0,0,43.4,SYNTHETIC DEMO LOG FOR DEVELOPMENT/TESTING ONLY
TRUE,DEMO-00585,C-03,Centre C - Memari Procurement Depot,43.5,Maize,1570.0,16:00 - 18:00,2,60,0.3,0,0,1,11.9,SYNTHETIC DEMO LOG FOR DEVELOPMENT/TESTING ONLY
TRUE,DEMO-00586,C-06,Centre F - Guskara Sub-Mandi,9.2,Potato,540.0,10:00 - 12:00,2,40,0.2,10,1,0,55.8,SYNTHETIC DEMO LOG FOR DEVELOPMENT/TESTING ONLY
TRUE,DEMO-00587,C-05,Centre E - Kalyani Storage & Hub,35.2,Potato,1930.0,08:00 - 10:00,2,50,0.98,9,1,1,82.1,SYNTHETIC DEMO LOG FOR DEVELOPMENT/TESTING ONLY
TRUE,DEMO-00588,C-04,Centre D - Ranaghat Krishak Mandi,12.6,Wheat,1140.0,10:00 - 12:00,3,90,0.67,2,0,1,16.4,SYNTHETIC DEMO LOG FOR DEVELOPMENT/TESTING ONLY
TRUE,DEMO-00589,C-02,Centre B - Singur Agro Hub,30.5,Potato,3040.0,08:00 - 10:00,4,100,0.42,4,0,1,26.5,SYNTHETIC DEMO LOG FOR DEVELOPMENT/TESTING ONLY
TRUE,DEMO-00590,C-03,Centre C - Memari Procurement Depot,7.8,Maize,3330.0,14:00 - 16:00,2,60,0.6,4,0,1,40.1,SYNTHETIC DEMO LOG FOR DEVELOPMENT/TESTING ONLY
TRUE,DEMO-00591,C-04,Centre D - Ranaghat Krishak Mandi,24.5,Maize,2310.0,14:00 - 16:00,3,90,0.41,2,0,0,15.8,SYNTHETIC DEMO LOG FOR DEVELOPMENT/TESTING ONLY
TRUE,DEMO-00592,C-04,Centre D - Ranaghat Krishak Mandi,19.7,Wheat,710.0,12:00 - 14:00,3,90,0.16,4,0,1,13.0,SYNTHETIC DEMO LOG FOR DEVELOPMENT/TESTING ONLY
TRUE,DEMO-00593,C-02,Centre B - Singur Agro Hub,22.2,Wheat,230.0,12:00 - 14:00,4,100,0.92,14,1,0,59.1,SYNTHETIC DEMO LOG FOR DEVELOPMENT/TESTING ONLY
TRUE,DEMO-00594,C-03,Centre C - Memari Procurement Depot,36.3,Maize,2010.0,10:00 - 12:00,2,60,0.31,10,0,1,55.9,SYNTHETIC DEMO LOG FOR DEVELOPMENT/TESTING ONLY
TRUE,DEMO-00595,C-04,Centre D - Ranaghat Krishak Mandi,9.0,Mustard,2630.0,10:00 - 12:00,3,90,0.47,5,0,1,30.1,SYNTHETIC DEMO LOG FOR DEVELOPMENT/TESTING ONLY
TRUE,DEMO-00596,C-02,Centre B - Singur Agro Hub,36.7,Maize,2460.0,16:00 - 18:00,4,100,0.39,3,0,0,21.2,SYNTHETIC DEMO LOG FOR DEVELOPMENT/TESTING ONLY
TRUE,DEMO-00597,C-03,Centre C - Memari Procurement Depot,38.7,Mustard,800.0,10:00 - 12:00,2,60,0.39,8,0,0,32.6,SYNTHETIC DEMO LOG FOR DEVELOPMENT/TESTING ONLY
TRUE,DEMO-00598,C-05,Centre E - Kalyani Storage & Hub,15.8,Mustard,700.0,10:00 - 12:00,2,50,0.95,5,1,1,55.6,SYNTHETIC DEMO LOG FOR DEVELOPMENT/TESTING ONLY
TRUE,DEMO-00599,C-03,Centre C - Memari Procurement Depot,32.8,Wheat,2600.0,10:00 - 12:00,2,60,0.34,3,0,0,28.6,SYNTHETIC DEMO LOG FOR DEVELOPMENT/TESTING ONLY
TRUE,DEMO-00600,C-03,Centre C - Memari Procurement Depot,21.9,Mustard,2810.0,12:00 - 14:00,2,60,0.42,6,0,0,43.6,SYNTHETIC DEMO LOG FOR DEVELOPMENT/TESTING ONLY
TRUE,DEMO-00601,C-02,Centre B - Singur Agro Hub,35.4,Potato,440.0,12:00 - 14:00,4,100,0.54,2,0,1,8.8,SYNTHETIC DEMO LOG FOR DEVELOPMENT/TESTING ONLY
TRUE,DEMO-00602,C-01,Centre A - Burdwan Mandi,18.5,Potato,3420.0,10:00 - 12:00,3,80,0.36,11,0,1,43.3,SYNTHETIC DEMO LOG FOR DEVELOPMENT/TESTING ONLY
TRUE,DEMO-00603,C-02,Centre B - Singur Agro Hub,24.4,Mustard,3440.0,08:00 - 10:00,4,100,0.54,6,0,1,27.4,SYNTHETIC DEMO LOG FOR DEVELOPMENT/TESTING ONLY
TRUE,DEMO-00604,C-06,Centre F - Guskara Sub-Mandi,24.4,Potato,1040.0,16:00 - 18:00,2,40,0.68,1,1,0,35.8,SYNTHETIC DEMO LOG FOR DEVELOPMENT/TESTING ONLY
TRUE,DEMO-00605,C-01,Centre A - Burdwan Mandi,12.1,Paddy,1630.0,08:00 - 10:00,3,80,0.16,7,0,1,24.3,SYNTHETIC DEMO LOG FOR DEVELOPMENT/TESTING ONLY
TRUE,DEMO-00606,C-02,Centre B - Singur Agro Hub,27.0,Potato,2480.0,08:00 - 10:00,4,100,0.72,2,0,1,14.9,SYNTHETIC DEMO LOG FOR DEVELOPMENT/TESTING ONLY
TRUE,DEMO-00607,C-01,Centre A - Burdwan Mandi,23.5,Paddy,2460.0,10:00 - 12:00,3,80,0.43,11,0,1,41.7,SYNTHETIC DEMO LOG FOR DEVELOPMENT/TESTING ONLY
TRUE,DEMO-00608,C-03,Centre C - Memari Procurement Depot,36.0,Paddy,620.0,16:00 - 18:00,2,60,0.34,4,0,1,17.9,SYNTHETIC DEMO LOG FOR DEVELOPMENT/TESTING ONLY
TRUE,DEMO-00609,C-06,Centre F - Guskara Sub-Mandi,33.5,Wheat,270.0,14:00 - 16:00,2,40,0.46,4,1,0,36.6,SYNTHETIC DEMO LOG FOR DEVELOPMENT/TESTING ONLY
TRUE,DEMO-00610,C-06,Centre F - Guskara Sub-Mandi,14.7,Mustard,2500.0,16:00 - 18:00,2,40,0.31,1,1,1,48.1,SYNTHETIC DEMO LOG FOR DEVELOPMENT/TESTING ONLY
TRUE,DEMO-00611,C-03,Centre C - Memari Procurement Depot,13.8,Wheat,2940.0,14:00 - 16:00,2,60,0.91,7,1,0,79.8,SYNTHETIC DEMO LOG FOR DEVELOPMENT/TESTING ONLY
TRUE,DEMO-00612,C-03,Centre C - Memari Procurement Depot,21.5,Maize,2760.0,12:00 - 14:00,2,60,0.57,6,0,1,42.4,SYNTHETIC DEMO LOG FOR DEVELOPMENT/TESTING ONLY
TRUE,DEMO-00613,C-01,Centre A - Burdwan Mandi,35.4,Maize,990.0,12:00 - 14:00,3,80,0.75,5,0,1,15.2,SYNTHETIC DEMO LOG FOR DEVELOPMENT/TESTING ONLY
TRUE,DEMO-00614,C-05,Centre E - Kalyani Storage & Hub,8.6,Mustard,1130.0,16:00 - 18:00,2,50,0.49,1,0,1,10.5,SYNTHETIC DEMO LOG FOR DEVELOPMENT/TESTING ONLY
TRUE,DEMO-00615,C-01,Centre A - Burdwan Mandi,3.9,Maize,3290.0,08:00 - 10:00,3,80,0.3,1,0,1,25.2,SYNTHETIC DEMO LOG FOR DEVELOPMENT/TESTING ONLY
TRUE,DEMO-00616,C-01,Centre A - Burdwan Mandi,30.3,Maize,1940.0,14:00 - 16:00,3,80,0.73,2,0,1,18.5,SYNTHETIC DEMO LOG FOR DEVELOPMENT/TESTING ONLY
TRUE,DEMO-00617,C-03,Centre C - Memari Procurement Depot,32.9,Paddy,240.0,16:00 - 18:00,2,60,0.91,13,1,1,87.1,SYNTHETIC DEMO LOG FOR DEVELOPMENT/TESTING ONLY
TRUE,DEMO-00618,C-01,Centre A - Burdwan Mandi,34.0,Wheat,3140.0,16:00 - 18:00,3,80,0.83,3,0,1,30.0,SYNTHETIC DEMO LOG FOR DEVELOPMENT/TESTING ONLY
TRUE,DEMO-00619,C-01,Centre A - Burdwan Mandi,24.7,Maize,2620.0,12:00 - 14:00,3,80,0.84,1,0,1,20.1,SYNTHETIC DEMO LOG FOR DEVELOPMENT/TESTING ONLY
TRUE,DEMO-00620,C-01,Centre A - Burdwan Mandi,18.6,Paddy,840.0,16:00 - 18:00,3,80,0.7,2,0,1,13.7,SYNTHETIC DEMO LOG FOR DEVELOPMENT/TESTING ONLY
TRUE,DEMO-00621,C-02,Centre B - Singur Agro Hub,19.9,Maize,550.0,16:00 - 18:00,4,100,0.68,2,0,0,5.0,SYNTHETIC DEMO LOG FOR DEVELOPMENT/TESTING ONLY
TRUE,DEMO-00622,C-01,Centre A - Burdwan Mandi,25.6,Paddy,1870.0,10:00 - 12:00,3,80,0.7,7,0,1,29.6,SYNTHETIC DEMO LOG FOR DEVELOPMENT/TESTING ONLY
TRUE,DEMO-00623,C-05,Centre E - Kalyani Storage & Hub,40.8,Mustard,2020.0,12:00 - 14:00,2,50,0.98,13,1,1,94.5,SYNTHETIC DEMO LOG FOR DEVELOPMENT/TESTING ONLY
TRUE,DEMO-00624,C-06,Centre F - Guskara Sub-Mandi,12.4,Wheat,2000.0,16:00 - 18:00,2,40,0.46,2,1,0,42.8,SYNTHETIC DEMO LOG FOR DEVELOPMENT/TESTING ONLY
TRUE,DEMO-00625,C-06,Centre F - Guskara Sub-Mandi,43.4,Wheat,1680.0,12:00 - 14:00,2,40,0.48,6,1,0,61.0,SYNTHETIC DEMO LOG FOR DEVELOPMENT/TESTING ONLY
TRUE,DEMO-00626,C-05,Centre E - Kalyani Storage & Hub,2.3,Paddy,3450.0,12:00 - 14:00,2,50,0.33,3,0,1,33.5,SYNTHETIC DEMO LOG FOR DEVELOPMENT/TESTING ONLY
TRUE,DEMO-00627,C-06,Centre F - Guskara Sub-Mandi,24.0,Wheat,2080.0,16:00 - 18:00,2,40,0.62,0,1,0,38.1,SYNTHETIC DEMO LOG FOR DEVELOPMENT/TESTING ONLY
TRUE,DEMO-00628,C-03,Centre C - Memari Procurement Depot,12.7,Wheat,1050.0,16:00 - 18:00,2,60,0.4,2,0,0,15.8,SYNTHETIC DEMO LOG FOR DEVELOPMENT/TESTING ONLY
TRUE,DEMO-00629,C-05,Centre E - Kalyani Storage & Hub,33.1,Paddy,2820.0,08:00 - 10:00,2,50,0.29,7,0,1,42.2,SYNTHETIC DEMO LOG FOR DEVELOPMENT/TESTING ONLY
TRUE,DEMO-00630,C-01,Centre A - Burdwan Mandi,3.6,Maize,2870.0,12:00 - 14:00,3,80,0.47,6,0,1,29.0,SYNTHETIC DEMO LOG FOR DEVELOPMENT/TESTING ONLY
TRUE,DEMO-00631,C-03,Centre C - Memari Procurement Depot,19.9,Wheat,3060.0,14:00 - 16:00,2,60,0.87,11,0,0,82.0,SYNTHETIC DEMO LOG FOR DEVELOPMENT/TESTING ONLY
TRUE,DEMO-00632,C-06,Centre F - Guskara Sub-Mandi,15.1,Mustard,340.0,08:00 - 10:00,2,40,0.6,2,1,1,24.6,SYNTHETIC DEMO LOG FOR DEVELOPMENT/TESTING ONLY
TRUE,DEMO-00633,C-05,Centre E - Kalyani Storage & Hub,4.2,Paddy,2610.0,10:00 - 12:00,2,50,0.48,6,0,1,35.8,SYNTHETIC DEMO LOG FOR DEVELOPMENT/TESTING ONLY
TRUE,DEMO-00634,C-02,Centre B - Singur Agro Hub,35.8,Mustard,690.0,12:00 - 14:00,4,100,0.43,4,0,1,8.6,SYNTHETIC DEMO LOG FOR DEVELOPMENT/TESTING ONLY
TRUE,DEMO-00635,C-06,Centre F - Guskara Sub-Mandi,19.2,Potato,480.0,16:00 - 18:00,2,40,0.57,3,1,0,36.2,SYNTHETIC DEMO LOG FOR DEVELOPMENT/TESTING ONLY
TRUE,DEMO-00636,C-05,Centre E - Kalyani Storage & Hub,19.0,Paddy,2090.0,14:00 - 16:00,2,50,0.62,6,0,1,36.4,SYNTHETIC DEMO LOG FOR DEVELOPMENT/TESTING ONLY
TRUE,DEMO-00637,C-05,Centre E - Kalyani Storage & Hub,5.1,Paddy,2760.0,10:00 - 12:00,2,50,0.42,11,0,1,61.1,SYNTHETIC DEMO LOG FOR DEVELOPMENT/TESTING ONLY
TRUE,DEMO-00638,C-04,Centre D - Ranaghat Krishak Mandi,10.2,Wheat,1340.0,12:00 - 14:00,3,90,0.69,6,0,1,25.9,SYNTHETIC DEMO LOG FOR DEVELOPMENT/TESTING ONLY
TRUE,DEMO-00639,C-02,Centre B - Singur Agro Hub,37.3,Wheat,2850.0,16:00 - 18:00,4,100,0.67,2,0,0,20.3,SYNTHETIC DEMO LOG FOR DEVELOPMENT/TESTING ONLY
TRUE,DEMO-00640,C-06,Centre F - Guskara Sub-Mandi,34.6,Wheat,3010.0,10:00 - 12:00,2,40,0.24,2,1,0,54.6,SYNTHETIC DEMO LOG FOR DEVELOPMENT/TESTING ONLY
TRUE,DEMO-00641,C-05,Centre E - Kalyani Storage & Hub,2.6,Paddy,2490.0,12:00 - 14:00,2,50,0.24,4,0,1,33.0,SYNTHETIC DEMO LOG FOR DEVELOPMENT/TESTING ONLY
TRUE,DEMO-00642,C-05,Centre E - Kalyani Storage & Hub,25.5,Paddy,2680.0,10:00 - 12:00,2,50,0.61,8,0,1,46.5,SYNTHETIC DEMO LOG FOR DEVELOPMENT/TESTING ONLY
TRUE,DEMO-00643,C-02,Centre B - Singur Agro Hub,27.1,Potato,2390.0,14:00 - 16:00,4,100,0.19,1,0,1,13.1,SYNTHETIC DEMO LOG FOR DEVELOPMENT/TESTING ONLY
TRUE,DEMO-00644,C-05,Centre E - Kalyani Storage & Hub,22.0,Wheat,3320.0,08:00 - 10:00,2,50,0.21,6,0,1,48.7,SYNTHETIC DEMO LOG FOR DEVELOPMENT/TESTING ONLY
TRUE,DEMO-00645,C-06,Centre F - Guskara Sub-Mandi,2.8,Wheat,3060.0,08:00 - 10:00,2,40,0.69,2,1,0,50.1,SYNTHETIC DEMO LOG FOR DEVELOPMENT/TESTING ONLY
TRUE,DEMO-00646,C-01,Centre A - Burdwan Mandi,39.3,Wheat,1950.0,14:00 - 16:00,3,80,0.3,3,0,1,25.3,SYNTHETIC DEMO LOG FOR DEVELOPMENT/TESTING ONLY
TRUE,DEMO-00647,C-04,Centre D - Ranaghat Krishak Mandi,3.7,Maize,3240.0,08:00 - 10:00,3,90,0.4,4,0,0,32.3,SYNTHETIC DEMO LOG FOR DEVELOPMENT/TESTING ONLY
TRUE,DEMO-00648,C-06,Centre F - Guskara Sub-Mandi,28.9,Wheat,980.0,12:00 - 14:00,2,40,0.96,14,1,0,92.7,SYNTHETIC DEMO LOG FOR DEVELOPMENT/TESTING ONLY
TRUE,DEMO-00649,C-01,Centre A - Burdwan Mandi,40.3,Wheat,2890.0,14:00 - 16:00,3,80,0.17,3,0,1,25.5,SYNTHETIC DEMO LOG FOR DEVELOPMENT/TESTING ONLY
TRUE,DEMO-00650,C-04,Centre D - Ranaghat Krishak Mandi,33.4,Paddy,1920.0,08:00 - 10:00,3,90,0.71,7,0,1,31.7,SYNTHETIC DEMO LOG FOR DEVELOPMENT/TESTING ONLY
TRUE,DEMO-00651,C-06,Centre F - Guskara Sub-Mandi,12.3,Paddy,700.0,14:00 - 16:00,2,40,0.96,11,1,1,78.6,SYNTHETIC DEMO LOG FOR DEVELOPMENT/TESTING ONLY
TRUE,DEMO-00652,C-06,Centre F - Guskara Sub-Mandi,25.3,Paddy,2840.0,16:00 - 18:00,2,40,0.87,10,1,1,97.5,SYNTHETIC DEMO LOG FOR DEVELOPMENT/TESTING ONLY
TRUE,DEMO-00653,C-05,Centre E - Kalyani Storage & Hub,44.8,Paddy,3420.0,14:00 - 16:00,2,50,0.27,6,0,1,46.5,SYNTHETIC DEMO LOG FOR DEVELOPMENT/TESTING ONLY
TRUE,DEMO-00654,C-05,Centre E - Kalyani Storage & Hub,9.9,Maize,2970.0,08:00 - 10:00,2,50,0.27,1,0,1,22.4,SYNTHETIC DEMO LOG FOR DEVELOPMENT/TESTING ONLY
TRUE,DEMO-00655,C-03,Centre C - Memari Procurement Depot,15.0,Mustard,2660.0,14:00 - 16:00,2,60,0.83,4,0,0,35.2,SYNTHETIC DEMO LOG FOR DEVELOPMENT/TESTING ONLY
TRUE,DEMO-00656,C-02,Centre B - Singur Agro Hub,9.9,Potato,2720.0,10:00 - 12:00,4,100,0.66,4,0,1,19.4,SYNTHETIC DEMO LOG FOR DEVELOPMENT/TESTING ONLY
TRUE,DEMO-00657,C-05,Centre E - Kalyani Storage & Hub,27.6,Maize,960.0,10:00 - 12:00,2,50,0.17,2,0,1,13.8,SYNTHETIC DEMO LOG FOR DEVELOPMENT/TESTING ONLY
TRUE,DEMO-00658,C-05,Centre E - Kalyani Storage & Hub,9.9,Mustard,1480.0,12:00 - 14:00,2,50,0.54,2,0,1,15.5,SYNTHETIC DEMO LOG FOR DEVELOPMENT/TESTING ONLY
TRUE,DEMO-00659,C-02,Centre B - Singur Agro Hub,34.9,Potato,250.0,14:00 - 16:00,4,100,0.37,3,0,1,6.1,SYNTHETIC DEMO LOG FOR DEVELOPMENT/TESTING ONLY
TRUE,DEMO-00660,C-02,Centre B - Singur Agro Hub,41.9,Potato,3450.0,10:00 - 12:00,4,100,0.87,12,0,1,45.0,SYNTHETIC DEMO LOG FOR DEVELOPMENT/TESTING ONLY
TRUE,DEMO-00661,C-04,Centre D - Ranaghat Krishak Mandi,19.4,Paddy,340.0,14:00 - 16:00,3,90,0.76,2,0,1,5.5,SYNTHETIC DEMO LOG FOR DEVELOPMENT/TESTING ONLY
TRUE,DEMO-00662,C-06,Centre F - Guskara Sub-Mandi,25.1,Maize,2320.0,16:00 - 18:00,2,40,0.73,0,1,0,45.8,SYNTHETIC DEMO LOG FOR DEVELOPMENT/TESTING ONLY
TRUE,DEMO-00663,C-01,Centre A - Burdwan Mandi,37.6,Mustard,340.0,14:00 - 16:00,3,80,0.98,10,1,1,61.4,SYNTHETIC DEMO LOG FOR DEVELOPMENT/TESTING ONLY
TRUE,DEMO-00664,C-04,Centre D - Ranaghat Krishak Mandi,10.2,Maize,1650.0,08:00 - 10:00,3,90,0.88,13,0,0,57.0,SYNTHETIC DEMO LOG FOR DEVELOPMENT/TESTING ONLY
TRUE,DEMO-00665,C-04,Centre D - Ranaghat Krishak Mandi,14.7,Paddy,3230.0,14:00 - 16:00,3,90,0.72,5,0,1,30.4,SYNTHETIC DEMO LOG FOR DEVELOPMENT/TESTING ONLY
TRUE,DEMO-00666,C-01,Centre A - Burdwan Mandi,9.7,Maize,2130.0,08:00 - 10:00,3,80,0.89,12,0,1,57.8,SYNTHETIC DEMO LOG FOR DEVELOPMENT/TESTING ONLY
TRUE,DEMO-00667,C-04,Centre D - Ranaghat Krishak Mandi,3.1,Wheat,1700.0,14:00 - 16:00,3,90,0.89,12,0,1,57.3,SYNTHETIC DEMO LOG FOR DEVELOPMENT/TESTING ONLY
TRUE,DEMO-00668,C-06,Centre F - Guskara Sub-Mandi,5.9,Paddy,2530.0,08:00 - 10:00,2,40,0.68,1,1,1,49.0,SYNTHETIC DEMO LOG FOR DEVELOPMENT/TESTING ONLY
TRUE,DEMO-00669,C-06,Centre F - Guskara Sub-Mandi,28.3,Mustard,730.0,16:00 - 18:00,2,40,0.61,0,1,1,28.2,SYNTHETIC DEMO LOG FOR DEVELOPMENT/TESTING ONLY
TRUE,DEMO-00670,C-06,Centre F - Guskara Sub-Mandi,39.4,Paddy,790.0,10:00 - 12:00,2,40,0.74,5,1,1,47.4,SYNTHETIC DEMO LOG FOR DEVELOPMENT/TESTING ONLY
TRUE,DEMO-00671,C-03,Centre C - Memari Procurement Depot,28.9,Mustard,590.0,12:00 - 14:00,2,60,0.26,2,0,0,10.1,SYNTHETIC DEMO LOG FOR DEVELOPMENT/TESTING ONLY
TRUE,DEMO-00672,C-04,Centre D - Ranaghat Krishak Mandi,25.4,Mustard,220.0,14:00 - 16:00,3,90,0.88,10,0,1,38.3,SYNTHETIC DEMO LOG FOR DEVELOPMENT/TESTING ONLY
TRUE,DEMO-00673,C-06,Centre F - Guskara Sub-Mandi,19.6,Mustard,460.0,14:00 - 16:00,2,40,0.65,2,1,1,27.4,SYNTHETIC DEMO LOG FOR DEVELOPMENT/TESTING ONLY
TRUE,DEMO-00674,C-05,Centre E - Kalyani Storage & Hub,9.9,Paddy,380.0,08:00 - 10:00,2,50,0.44,2,0,1,8.4,SYNTHETIC DEMO LOG FOR DEVELOPMENT/TESTING ONLY
TRUE,DEMO-00675,C-01,Centre A - Burdwan Mandi,14.8,Maize,3240.0,16:00 - 18:00,3,80,0.19,2,0,1,27.7,SYNTHETIC DEMO LOG FOR DEVELOPMENT/TESTING ONLY
TRUE,DEMO-00676,C-05,Centre E - Kalyani Storage & Hub,35.9,Maize,790.0,16:00 - 18:00,2,50,0.53,3,0,1,19.9,SYNTHETIC DEMO LOG FOR DEVELOPMENT/TESTING ONLY
TRUE,DEMO-00677,C-01,Centre A - Burdwan Mandi,15.9,Potato,3160.0,12:00 - 14:00,3,80,0.83,6,0,1,35.1,SYNTHETIC DEMO LOG FOR DEVELOPMENT/TESTING ONLY
TRUE,DEMO-00678,C-04,Centre D - Ranaghat Krishak Mandi,31.9,Paddy,1110.0,08:00 - 10:00,3,90,0.59,5,0,1,18.6,SYNTHETIC DEMO LOG FOR DEVELOPMENT/TESTING ONLY
TRUE,DEMO-00679,C-06,Centre F - Guskara Sub-Mandi,4.5,Paddy,2090.0,16:00 - 18:00,2,40,0.96,6,1,1,71.3,SYNTHETIC DEMO LOG FOR DEVELOPMENT/TESTING ONLY
TRUE,DEMO-00680,C-06,Centre F - Guskara Sub-Mandi,28.2,Wheat,1240.0,14:00 - 16:00,2,40,0.59,6,1,0,53.2,SYNTHETIC DEMO LOG FOR DEVELOPMENT/TESTING ONLY
TRUE,DEMO-00681,C-03,Centre C - Memari Procurement Depot,26.2,Paddy,1920.0,16:00 - 18:00,2,60,0.67,2,0,1,24.1,SYNTHETIC DEMO LOG FOR DEVELOPMENT/TESTING ONLY
TRUE,DEMO-00682,C-06,Centre F - Guskara Sub-Mandi,2.1,Wheat,280.0,10:00 - 12:00,2,40,0.67,2,1,0,33.4,SYNTHETIC DEMO LOG FOR DEVELOPMENT/TESTING ONLY
TRUE,DEMO-00683,C-02,Centre B - Singur Agro Hub,19.8,Maize,1300.0,14:00 - 16:00,4,100,0.62,4,0,0,15.8,SYNTHETIC DEMO LOG FOR DEVELOPMENT/TESTING ONLY
TRUE,DEMO-00684,C-03,Centre C - Memari Procurement Depot,15.2,Wheat,1870.0,08:00 - 10:00,2,60,0.42,1,0,0,18.6,SYNTHETIC DEMO LOG FOR DEVELOPMENT/TESTING ONLY
TRUE,DEMO-00685,C-06,Centre F - Guskara Sub-Mandi,19.0,Wheat,2080.0,12:00 - 14:00,2,40,0.95,11,1,0,91.9,SYNTHETIC DEMO LOG FOR DEVELOPMENT/TESTING ONLY
TRUE,DEMO-00686,C-06,Centre F - Guskara Sub-Mandi,36.3,Mustard,2330.0,14:00 - 16:00,2,40,0.55,4,1,1,58.5,SYNTHETIC DEMO LOG FOR DEVELOPMENT/TESTING ONLY
TRUE,DEMO-00687,C-05,Centre E - Kalyani Storage & Hub,35.7,Wheat,1570.0,14:00 - 16:00,2,50,0.77,5,0,1,26.7,SYNTHETIC DEMO LOG FOR DEVELOPMENT/TESTING ONLY
TRUE,DEMO-00688,C-03,Centre C - Memari Procurement Depot,2.8,Maize,2110.0,16:00 - 18:00,2,60,0.43,4,0,1,35.5,SYNTHETIC DEMO LOG FOR DEVELOPMENT/TESTING ONLY
TRUE,DEMO-00689,C-03,Centre C - Memari Procurement Depot,14.1,Potato,300.0,10:00 - 12:00,2,60,0.97,18,1,1,102.5,SYNTHETIC DEMO LOG FOR DEVELOPMENT/TESTING ONLY
TRUE,DEMO-00690,C-02,Centre B - Singur Agro Hub,39.2,Maize,2680.0,08:00 - 10:00,4,100,0.74,3,0,0,22.7,SYNTHETIC DEMO LOG FOR DEVELOPMENT/TESTING ONLY
TRUE,DEMO-00691,C-01,Centre A - Burdwan Mandi,5.7,Wheat,3090.0,14:00 - 16:00,3,80,0.46,5,0,1,30.6,SYNTHETIC DEMO LOG FOR DEVELOPMENT/TESTING ONLY
TRUE,DEMO-00692,C-02,Centre B - Singur Agro Hub,35.8,Potato,2770.0,12:00 - 14:00,4,100,0.91,8,1,1,66.9,SYNTHETIC DEMO LOG FOR DEVELOPMENT/TESTING ONLY
TRUE,DEMO-00693,C-04,Centre D - Ranaghat Krishak Mandi,10.2,Maize,3250.0,10:00 - 12:00,3,90,0.76,6,0,0,37.3,SYNTHETIC DEMO LOG FOR DEVELOPMENT/TESTING ONLY
TRUE,DEMO-00694,C-01,Centre A - Burdwan Mandi,10.8,Maize,320.0,10:00 - 12:00,3,80,0.47,10,0,1,23.8,SYNTHETIC DEMO LOG FOR DEVELOPMENT/TESTING ONLY
TRUE,DEMO-00695,C-01,Centre A - Burdwan Mandi,42.1,Potato,2470.0,12:00 - 14:00,3,80,0.64,1,0,1,17.5,SYNTHETIC DEMO LOG FOR DEVELOPMENT/TESTING ONLY
TRUE,DEMO-00696,C-05,Centre E - Kalyani Storage & Hub,26.8,Wheat,1230.0,08:00 - 10:00,2,50,0.89,8,0,1,51.6,SYNTHETIC DEMO LOG FOR DEVELOPMENT/TESTING ONLY
TRUE,DEMO-00697,C-03,Centre C - Memari Procurement Depot,15.7,Wheat,1660.0,16:00 - 18:00,2,60,0.25,1,0,0,16.7,SYNTHETIC DEMO LOG FOR DEVELOPMENT/TESTING ONLY
TRUE,DEMO-00698,C-05,Centre E - Kalyani Storage & Hub,6.4,Maize,1990.0,16:00 - 18:00,2,50,0.61,1,0,1,17.6,SYNTHETIC DEMO LOG FOR DEVELOPMENT/TESTING ONLY
TRUE,DEMO-00699,C-06,Centre F - Guskara Sub-Mandi,12.5,Wheat,440.0,16:00 - 18:00,2,40,0.66,2,1,0,29.7,SYNTHETIC DEMO LOG FOR DEVELOPMENT/TESTING ONLY
TRUE,DEMO-00700,C-04,Centre D - Ranaghat Krishak Mandi,18.5,Potato,480.0,08:00 - 10:00,3,90,0.48,6,0,0,18.0,SYNTHETIC DEMO LOG FOR DEVELOPMENT/TESTING ONLY
TRUE,DEMO-00701,C-05,Centre E - Kalyani Storage & Hub,17.3,Mustard,1300.0,16:00 - 18:00,2,50,0.31,3,0,1,19.8,SYNTHETIC DEMO LOG FOR DEVELOPMENT/TESTING ONLY
TRUE,DEMO-00702,C-04,Centre D - Ranaghat Krishak Mandi,6.0,Maize,2850.0,10:00 - 12:00,3,90,0.73,2,0,0,23.8,SYNTHETIC DEMO LOG FOR DEVELOPMENT/TESTING ONLY
TRUE,DEMO-00703,C-03,Centre C - Memari Procurement Depot,12.0,Mustard,940.0,14:00 - 16:00,2,60,0.86,10,0,0,53.9,SYNTHETIC DEMO LOG FOR DEVELOPMENT/TESTING ONLY
TRUE,DEMO-00704,C-06,Centre F - Guskara Sub-Mandi,21.5,Wheat,300.0,12:00 - 14:00,2,40,0.54,3,1,0,36.3,SYNTHETIC DEMO LOG FOR DEVELOPMENT/TESTING ONLY
TRUE,DEMO-00705,C-04,Centre D - Ranaghat Krishak Mandi,35.0,Paddy,2190.0,12:00 - 14:00,3,90,0.26,1,0,1,20.1,SYNTHETIC DEMO LOG FOR DEVELOPMENT/TESTING ONLY
TRUE,DEMO-00706,C-03,Centre C - Memari Procurement Depot,36.1,Maize,1960.0,08:00 - 10:00,2,60,0.48,4,0,1,24.8,SYNTHETIC DEMO LOG FOR DEVELOPMENT/TESTING ONLY
TRUE,DEMO-00707,C-05,Centre E - Kalyani Storage & Hub,8.8,Paddy,1790.0,16:00 - 18:00,2,50,0.2,1,0,1,14.6,SYNTHETIC DEMO LOG FOR DEVELOPMENT/TESTING ONLY
TRUE,DEMO-00708,C-04,Centre D - Ranaghat Krishak Mandi,25.4,Maize,980.0,12:00 - 14:00,3,90,0.7,1,0,0,6.3,SYNTHETIC DEMO LOG FOR DEVELOPMENT/TESTING ONLY
TRUE,DEMO-00709,C-06,Centre F - Guskara Sub-Mandi,6.9,Maize,2170.0,14:00 - 16:00,2,40,0.42,1,1,0,41.7,SYNTHETIC DEMO LOG FOR DEVELOPMENT/TESTING ONLY
TRUE,DEMO-00710,C-04,Centre D - Ranaghat Krishak Mandi,6.7,Potato,2890.0,16:00 - 18:00,3,90,0.79,2,0,0,26.1,SYNTHETIC DEMO LOG FOR DEVELOPMENT/TESTING ONLY
TRUE,DEMO-00711,C-04,Centre D - Ranaghat Krishak Mandi,11.4,Potato,660.0,08:00 - 10:00,3,90,0.63,6,0,0,20.5,SYNTHETIC DEMO LOG FOR DEVELOPMENT/TESTING ONLY
TRUE,DEMO-00712,C-06,Centre F - Guskara Sub-Mandi,24.8,Paddy,1490.0,14:00 - 16:00,2,40,0.63,1,1,1,33.0,SYNTHETIC DEMO LOG FOR DEVELOPMENT/TESTING ONLY
TRUE,DEMO-00713,C-06,Centre F - Guskara Sub-Mandi,26.5,Wheat,3210.0,12:00 - 14:00,2,40,0.4,7,1,0,67.2,SYNTHETIC DEMO LOG FOR DEVELOPMENT/TESTING ONLY
TRUE,DEMO-00714,C-03,Centre C - Memari Procurement Depot,2.3,Potato,3460.0,16:00 - 18:00,2,60,0.49,1,0,1,34.6,SYNTHETIC DEMO LOG FOR DEVELOPMENT/TESTING ONLY
TRUE,DEMO-00715,C-03,Centre C - Memari Procurement Depot,40.7,Potato,3390.0,12:00 - 14:00,2,60,0.15,4,0,1,42.6,SYNTHETIC DEMO LOG FOR DEVELOPMENT/TESTING ONLY
TRUE,DEMO-00716,C-03,Centre C - Memari Procurement Depot,20.6,Potato,2150.0,10:00 - 12:00,2,60,0.67,8,0,1,45.0,SYNTHETIC DEMO LOG FOR DEVELOPMENT/TESTING ONLY
TRUE,DEMO-00717,C-04,Centre D - Ranaghat Krishak Mandi,25.4,Mustard,2390.0,14:00 - 16:00,3,90,0.54,1,0,1,14.2,SYNTHETIC DEMO LOG FOR DEVELOPMENT/TESTING ONLY
TRUE,DEMO-00718,C-04,Centre D - Ranaghat Krishak Mandi,44.9,Paddy,2410.0,12:00 - 14:00,3,90,0.26,1,0,1,24.0,SYNTHETIC DEMO LOG FOR DEVELOPMENT/TESTING ONLY
TRUE,DEMO-00719,C-01,Centre A - Burdwan Mandi,30.3,Paddy,3420.0,14:00 - 16:00,3,80,0.26,1,0,1,26.6,SYNTHETIC DEMO LOG FOR DEVELOPMENT/TESTING ONLY
TRUE,DEMO-00720,C-06,Centre F - Guskara Sub-Mandi,28.8,Maize,1700.0,14:00 - 16:00,2,40,0.5,5,1,0,48.1,SYNTHETIC DEMO LOG FOR DEVELOPMENT/TESTING ONLY
TRUE,DEMO-00721,C-04,Centre D - Ranaghat Krishak Mandi,10.0,Wheat,2200.0,10:00 - 12:00,3,90,0.63,10,0,1,39.2,SYNTHETIC DEMO LOG FOR DEVELOPMENT/TESTING ONLY
TRUE,DEMO-00722,C-04,Centre D - Ranaghat Krishak Mandi,17.8,Maize,3430.0,16:00 - 18:00,3,90,0.62,3,0,0,34.9,SYNTHETIC DEMO LOG FOR DEVELOPMENT/TESTING ONLY
TRUE,DEMO-00723,C-01,Centre A - Burdwan Mandi,43.4,Maize,460.0,14:00 - 16:00,3,80,0.76,3,0,1,13.2,SYNTHETIC DEMO LOG FOR DEVELOPMENT/TESTING ONLY
TRUE,DEMO-00724,C-03,Centre C - Memari Procurement Depot,5.4,Mustard,3140.0,16:00 - 18:00,2,60,0.22,2,0,0,28.3,SYNTHETIC DEMO LOG FOR DEVELOPMENT/TESTING ONLY
TRUE,DEMO-00725,C-06,Centre F - Guskara Sub-Mandi,36.3,Potato,1230.0,16:00 - 18:00,2,40,0.19,2,1,0,39.3,SYNTHETIC DEMO LOG FOR DEVELOPMENT/TESTING ONLY
TRUE,DEMO-00726,C-05,Centre E - Kalyani Storage & Hub,33.6,Mustard,1590.0,16:00 - 18:00,2,50,0.95,9,1,1,74.0,SYNTHETIC DEMO LOG FOR DEVELOPMENT/TESTING ONLY
TRUE,DEMO-00727,C-02,Centre B - Singur Agro Hub,34.2,Potato,2600.0,16:00 - 18:00,4,100,0.62,0,0,1,11.7,SYNTHETIC DEMO LOG FOR DEVELOPMENT/TESTING ONLY
TRUE,DEMO-00728,C-01,Centre A - Burdwan Mandi,3.2,Wheat,1800.0,16:00 - 18:00,3,80,0.26,0,0,1,12.0,SYNTHETIC DEMO LOG FOR DEVELOPMENT/TESTING ONLY
TRUE,DEMO-00729,C-03,Centre C - Memari Procurement Depot,28.5,Wheat,1110.0,10:00 - 12:00,2,60,0.36,9,0,0,35.1,SYNTHETIC DEMO LOG FOR DEVELOPMENT/TESTING ONLY
TRUE,DEMO-00730,C-06,Centre F - Guskara Sub-Mandi,17.9,Paddy,780.0,14:00 - 16:00,2,40,0.8,2,1,1,30.4,SYNTHETIC DEMO LOG FOR DEVELOPMENT/TESTING ONLY
TRUE,DEMO-00731,C-02,Centre B - Singur Agro Hub,16.7,Maize,480.0,08:00 - 10:00,4,100,0.27,8,0,0,18.5,SYNTHETIC DEMO LOG FOR DEVELOPMENT/TESTING ONLY
TRUE,DEMO-00732,C-04,Centre D - Ranaghat Krishak Mandi,30.4,Mustard,2600.0,10:00 - 12:00,3,90,0.29,7,0,1,37.7,SYNTHETIC DEMO LOG FOR DEVELOPMENT/TESTING ONLY
TRUE,DEMO-00733,C-03,Centre C - Memari Procurement Depot,34.5,Potato,580.0,12:00 - 14:00,2,60,0.29,3,0,1,13.6,SYNTHETIC DEMO LOG FOR DEVELOPMENT/TESTING ONLY
TRUE,DEMO-00734,C-05,Centre E - Kalyani Storage & Hub,31.4,Paddy,1490.0,14:00 - 16:00,2,50,0.37,3,0,1,25.3,SYNTHETIC DEMO LOG FOR DEVELOPMENT/TESTING ONLY
TRUE,DEMO-00735,C-04,Centre D - Ranaghat Krishak Mandi,41.9,Potato,1680.0,12:00 - 14:00,3,90,0.71,7,0,0,27.9,SYNTHETIC DEMO LOG FOR DEVELOPMENT/TESTING ONLY
TRUE,DEMO-00736,C-05,Centre E - Kalyani Storage & Hub,28.3,Wheat,2350.0,14:00 - 16:00,2,50,0.38,2,0,1,22.2,SYNTHETIC DEMO LOG FOR DEVELOPMENT/TESTING ONLY
TRUE,DEMO-00737,C-01,Centre A - Burdwan Mandi,18.8,Wheat,2750.0,16:00 - 18:00,3,80,0.77,3,0,1,23.2,SYNTHETIC DEMO LOG FOR DEVELOPMENT/TESTING ONLY
TRUE,DEMO-00738,C-03,Centre C - Memari Procurement Depot,25.5,Paddy,2420.0,12:00 - 14:00,2,60,0.84,1,0,1,21.8,SYNTHETIC DEMO LOG FOR DEVELOPMENT/TESTING ONLY
TRUE,DEMO-00739,C-01,Centre A - Burdwan Mandi,31.5,Maize,1360.0,08:00 - 10:00,3,80,0.75,3,0,1,19.9,SYNTHETIC DEMO LOG FOR DEVELOPMENT/TESTING ONLY
TRUE,DEMO-00740,C-01,Centre A - Burdwan Mandi,42.9,Maize,2310.0,10:00 - 12:00,3,80,0.74,2,0,1,20.6,SYNTHETIC DEMO LOG FOR DEVELOPMENT/TESTING ONLY
TRUE,DEMO-00741,C-05,Centre E - Kalyani Storage & Hub,30.2,Paddy,3170.0,14:00 - 16:00,2,50,0.62,6,0,1,46.2,SYNTHETIC DEMO LOG FOR DEVELOPMENT/TESTING ONLY
TRUE,DEMO-00742,C-03,Centre C - Memari Procurement Depot,30.4,Wheat,450.0,14:00 - 16:00,2,60,0.53,6,0,0,21.8,SYNTHETIC DEMO LOG FOR DEVELOPMENT/TESTING ONLY
TRUE,DEMO-00743,C-04,Centre D - Ranaghat Krishak Mandi,9.0,Wheat,440.0,12:00 - 14:00,3,90,0.79,3,0,1,9.6,SYNTHETIC DEMO LOG FOR DEVELOPMENT/TESTING ONLY
TRUE,DEMO-00744,C-03,Centre C - Memari Procurement Depot,5.0,Paddy,3430.0,14:00 - 16:00,2,60,0.32,2,0,1,35.4,SYNTHETIC DEMO LOG FOR DEVELOPMENT/TESTING ONLY
TRUE,DEMO-00745,C-06,Centre F - Guskara Sub-Mandi,8.2,Mustard,2740.0,08:00 - 10:00,2,40,0.33,6,1,1,71.1,SYNTHETIC DEMO LOG FOR DEVELOPMENT/TESTING ONLY
TRUE,DEMO-00746,C-01,Centre A - Burdwan Mandi,5.0,Potato,2600.0,08:00 - 10:00,3,80,0.8,1,0,1,16.8,SYNTHETIC DEMO LOG FOR DEVELOPMENT/TESTING ONLY
TRUE,DEMO-00747,C-04,Centre D - Ranaghat Krishak Mandi,42.1,Paddy,2390.0,08:00 - 10:00,3,90,0.37,6,0,1,34.2,SYNTHETIC DEMO LOG FOR DEVELOPMENT/TESTING ONLY
TRUE,DEMO-00748,C-05,Centre E - Kalyani Storage & Hub,20.8,Mustard,2990.0,14:00 - 16:00,2,50,0.8,5,0,1,35.6,SYNTHETIC DEMO LOG FOR DEVELOPMENT/TESTING ONLY
TRUE,DEMO-00749,C-05,Centre E - Kalyani Storage & Hub,18.5,Paddy,2470.0,08:00 - 10:00,2,50,0.8,2,0,1,14.7,SYNTHETIC DEMO LOG FOR DEVELOPMENT/TESTING ONLY
TRUE,DEMO-00750,C-03,Centre C - Memari Procurement Depot,4.4,Wheat,3490.0,14:00 - 16:00,2,60,0.69,2,0,0,32.9,SYNTHETIC DEMO LOG FOR DEVELOPMENT/TESTING ONLY
TRUE,DEMO-00751,C-03,Centre C - Memari Procurement Depot,34.7,Potato,1160.0,14:00 - 16:00,2,60,0.32,3,0,1,24.1,SYNTHETIC DEMO LOG FOR DEVELOPMENT/TESTING ONLY
TRUE,DEMO-00752,C-03,Centre C - Memari Procurement Depot,29.1,Mustard,1390.0,08:00 - 10:00,2,60,0.22,5,0,0,27.7,SYNTHETIC DEMO LOG FOR DEVELOPMENT/TESTING ONLY
TRUE,DEMO-00753,C-06,Centre F - Guskara Sub-Mandi,3.5,Paddy,280.0,10:00 - 12:00,2,40,0.98,11,1,1,79.6,SYNTHETIC DEMO LOG FOR DEVELOPMENT/TESTING ONLY
TRUE,DEMO-00754,C-03,Centre C - Memari Procurement Depot,43.5,Mustard,2880.0,16:00 - 18:00,2,60,0.95,6,1,0,80.5,SYNTHETIC DEMO LOG FOR DEVELOPMENT/TESTING ONLY
TRUE,DEMO-00755,C-01,Centre A - Burdwan Mandi,19.4,Wheat,900.0,08:00 - 10:00,3,80,0.69,5,0,1,23.2,SYNTHETIC DEMO LOG FOR DEVELOPMENT/TESTING ONLY
TRUE,DEMO-00756,C-05,Centre E - Kalyani Storage & Hub,12.0,Paddy,440.0,16:00 - 18:00,2,50,0.76,2,0,1,7.8,SYNTHETIC DEMO LOG FOR DEVELOPMENT/TESTING ONLY
TRUE,DEMO-00757,C-01,Centre A - Burdwan Mandi,4.0,Mustard,2510.0,16:00 - 18:00,3,80,0.26,1,0,1,21.1,SYNTHETIC DEMO LOG FOR DEVELOPMENT/TESTING ONLY
TRUE,DEMO-00758,C-01,Centre A - Burdwan Mandi,9.3,Mustard,2150.0,16:00 - 18:00,3,80,0.83,1,0,1,17.1,SYNTHETIC DEMO LOG FOR DEVELOPMENT/TESTING ONLY
TRUE,DEMO-00759,C-04,Centre D - Ranaghat Krishak Mandi,11.5,Maize,2850.0,16:00 - 18:00,3,90,0.5,4,0,0,34.1,SYNTHETIC DEMO LOG FOR DEVELOPMENT/TESTING ONLY
TRUE,DEMO-00760,C-03,Centre C - Memari Procurement Depot,25.5,Potato,1260.0,16:00 - 18:00,2,60,0.95,5,1,1,62.1,SYNTHETIC DEMO LOG FOR DEVELOPMENT/TESTING ONLY
TRUE,DEMO-00761,C-05,Centre E - Kalyani Storage & Hub,4.7,Paddy,1100.0,12:00 - 14:00,2,50,0.78,2,0,1,13.2,SYNTHETIC DEMO LOG FOR DEVELOPMENT/TESTING ONLY
TRUE,DEMO-00762,C-02,Centre B - Singur Agro Hub,7.7,Maize,2810.0,08:00 - 10:00,4,100,0.67,3,0,0,21.2,SYNTHETIC DEMO LOG FOR DEVELOPMENT/TESTING ONLY
TRUE,DEMO-00763,C-02,Centre B - Singur Agro Hub,5.5,Potato,220.0,14:00 - 16:00,4,100,0.92,12,1,1,59.5,SYNTHETIC DEMO LOG FOR DEVELOPMENT/TESTING ONLY
TRUE,DEMO-00764,C-04,Centre D - Ranaghat Krishak Mandi,8.2,Paddy,1090.0,10:00 - 12:00,3,90,0.52,4,0,1,15.0,SYNTHETIC DEMO LOG FOR DEVELOPMENT/TESTING ONLY
TRUE,DEMO-00765,C-02,Centre B - Singur Agro Hub,27.6,Maize,2570.0,08:00 - 10:00,4,100,0.66,1,0,0,16.3,SYNTHETIC DEMO LOG FOR DEVELOPMENT/TESTING ONLY
TRUE,DEMO-00766,C-04,Centre D - Ranaghat Krishak Mandi,12.1,Potato,590.0,16:00 - 18:00,3,90,0.59,1,0,0,5.0,SYNTHETIC DEMO LOG FOR DEVELOPMENT/TESTING ONLY
TRUE,DEMO-00767,C-03,Centre C - Memari Procurement Depot,11.4,Maize,2740.0,16:00 - 18:00,2,60,0.7,1,0,1,27.3,SYNTHETIC DEMO LOG FOR DEVELOPMENT/TESTING ONLY
TRUE,DEMO-00768,C-06,Centre F - Guskara Sub-Mandi,9.6,Mustard,2410.0,14:00 - 16:00,2,40,0.19,4,1,1,61.9,SYNTHETIC DEMO LOG FOR DEVELOPMENT/TESTING ONLY
TRUE,DEMO-00769,C-03,Centre C - Memari Procurement Depot,12.8,Paddy,2240.0,14:00 - 16:00,2,60,0.89,7,0,1,57.0,SYNTHETIC DEMO LOG FOR DEVELOPMENT/TESTING ONLY
TRUE,DEMO-00770,C-02,Centre B - Singur Agro Hub,22.9,Paddy,580.0,08:00 - 10:00,4,100,0.89,14,0,1,35.7,SYNTHETIC DEMO LOG FOR DEVELOPMENT/TESTING ONLY
TRUE,DEMO-00771,C-05,Centre E - Kalyani Storage & Hub,10.5,Wheat,2430.0,14:00 - 16:00,2,50,0.42,5,0,1,33.4,SYNTHETIC DEMO LOG FOR DEVELOPMENT/TESTING ONLY
TRUE,DEMO-00772,C-06,Centre F - Guskara Sub-Mandi,18.1,Mustard,930.0,10:00 - 12:00,2,40,0.54,6,1,1,51.0,SYNTHETIC DEMO LOG FOR DEVELOPMENT/TESTING ONLY
TRUE,DEMO-00773,C-04,Centre D - Ranaghat Krishak Mandi,41.9,Paddy,1700.0,10:00 - 12:00,3,90,0.47,2,0,1,15.9,SYNTHETIC DEMO LOG FOR DEVELOPMENT/TESTING ONLY
TRUE,DEMO-00774,C-03,Centre C - Memari Procurement Depot,7.5,Paddy,2480.0,12:00 - 14:00,2,60,0.2,1,0,1,19.2,SYNTHETIC DEMO LOG FOR DEVELOPMENT/TESTING ONLY
TRUE,DEMO-00775,C-04,Centre D - Ranaghat Krishak Mandi,9.4,Mustard,1330.0,14:00 - 16:00,3,90,0.89,14,0,1,59.2,SYNTHETIC DEMO LOG FOR DEVELOPMENT/TESTING ONLY
TRUE,DEMO-00776,C-02,Centre B - Singur Agro Hub,38.8,Maize,490.0,16:00 - 18:00,4,100,0.86,7,0,0,22.7,SYNTHETIC DEMO LOG FOR DEVELOPMENT/TESTING ONLY
TRUE,DEMO-00777,C-05,Centre E - Kalyani Storage & Hub,14.0,Mustard,2610.0,14:00 - 16:00,2,50,0.76,2,0,1,22.9,SYNTHETIC DEMO LOG FOR DEVELOPMENT/TESTING ONLY
TRUE,DEMO-00778,C-05,Centre E - Kalyani Storage & Hub,40.6,Paddy,1580.0,16:00 - 18:00,2,50,0.19,4,0,1,28.2,SYNTHETIC DEMO LOG FOR DEVELOPMENT/TESTING ONLY
TRUE,DEMO-00779,C-06,Centre F - Guskara Sub-Mandi,20.3,Maize,1500.0,08:00 - 10:00,2,40,0.82,6,1,0,58.1,SYNTHETIC DEMO LOG FOR DEVELOPMENT/TESTING ONLY
TRUE,DEMO-00780,C-01,Centre A - Burdwan Mandi,31.8,Maize,1540.0,08:00 - 10:00,3,80,0.33,3,0,1,19.0,SYNTHETIC DEMO LOG FOR DEVELOPMENT/TESTING ONLY
TRUE,DEMO-00781,C-02,Centre B - Singur Agro Hub,22.6,Potato,1210.0,08:00 - 10:00,4,100,0.73,7,0,1,18.5,SYNTHETIC DEMO LOG FOR DEVELOPMENT/TESTING ONLY
TRUE,DEMO-00782,C-04,Centre D - Ranaghat Krishak Mandi,39.6,Mustard,1540.0,10:00 - 12:00,3,90,0.81,5,0,1,21.9,SYNTHETIC DEMO LOG FOR DEVELOPMENT/TESTING ONLY
TRUE,DEMO-00783,C-04,Centre D - Ranaghat Krishak Mandi,18.5,Potato,2480.0,08:00 - 10:00,3,90,0.59,3,0,0,24.7,SYNTHETIC DEMO LOG FOR DEVELOPMENT/TESTING ONLY
TRUE,DEMO-00784,C-05,Centre E - Kalyani Storage & Hub,36.2,Maize,2800.0,16:00 - 18:00,2,50,0.22,4,0,1,28.4,SYNTHETIC DEMO LOG FOR DEVELOPMENT/TESTING ONLY
TRUE,DEMO-00785,C-06,Centre F - Guskara Sub-Mandi,42.6,Potato,2430.0,16:00 - 18:00,2,40,0.89,7,1,0,81.7,SYNTHETIC DEMO LOG FOR DEVELOPMENT/TESTING ONLY
TRUE,DEMO-00786,C-03,Centre C - Memari Procurement Depot,32.3,Paddy,2050.0,16:00 - 18:00,2,60,0.79,1,0,1,20.1,SYNTHETIC DEMO LOG FOR DEVELOPMENT/TESTING ONLY
TRUE,DEMO-00787,C-03,Centre C - Memari Procurement Depot,6.9,Paddy,1780.0,16:00 - 18:00,2,60,0.93,12,1,1,92.5,SYNTHETIC DEMO LOG FOR DEVELOPMENT/TESTING ONLY
TRUE,DEMO-00788,C-02,Centre B - Singur Agro Hub,40.6,Wheat,1860.0,12:00 - 14:00,4,100,0.5,1,0,0,16.2,SYNTHETIC DEMO LOG FOR DEVELOPMENT/TESTING ONLY
TRUE,DEMO-00789,C-03,Centre C - Memari Procurement Depot,22.9,Wheat,1940.0,14:00 - 16:00,2,60,0.25,4,0,0,27.9,SYNTHETIC DEMO LOG FOR DEVELOPMENT/TESTING ONLY
TRUE,DEMO-00790,C-03,Centre C - Memari Procurement Depot,17.8,Mustard,2420.0,16:00 - 18:00,2,60,0.73,4,0,0,30.0,SYNTHETIC DEMO LOG FOR DEVELOPMENT/TESTING ONLY
TRUE,DEMO-00791,C-01,Centre A - Burdwan Mandi,5.8,Paddy,1490.0,14:00 - 16:00,3,80,0.3,6,0,1,25.3,SYNTHETIC DEMO LOG FOR DEVELOPMENT/TESTING ONLY
TRUE,DEMO-00792,C-01,Centre A - Burdwan Mandi,8.5,Paddy,870.0,14:00 - 16:00,3,80,0.94,7,1,1,57.8,SYNTHETIC DEMO LOG FOR DEVELOPMENT/TESTING ONLY
TRUE,DEMO-00793,C-06,Centre F - Guskara Sub-Mandi,22.4,Maize,1590.0,10:00 - 12:00,2,40,0.76,1,1,0,38.8,SYNTHETIC DEMO LOG FOR DEVELOPMENT/TESTING ONLY
TRUE,DEMO-00794,C-02,Centre B - Singur Agro Hub,19.7,Maize,1330.0,12:00 - 14:00,4,100,0.69,3,0,0,12.8,SYNTHETIC DEMO LOG FOR DEVELOPMENT/TESTING ONLY
TRUE,DEMO-00795,C-05,Centre E - Kalyani Storage & Hub,21.1,Maize,1200.0,16:00 - 18:00,2,50,0.26,3,0,1,19.8,SYNTHETIC DEMO LOG FOR DEVELOPMENT/TESTING ONLY
TRUE,DEMO-00796,C-04,Centre D - Ranaghat Krishak Mandi,35.1,Wheat,360.0,12:00 - 14:00,3,90,0.44,4,0,1,13.9,SYNTHETIC DEMO LOG FOR DEVELOPMENT/TESTING ONLY
TRUE,DEMO-00797,C-02,Centre B - Singur Agro Hub,32.6,Maize,1140.0,10:00 - 12:00,4,100,0.96,19,1,0,78.6,SYNTHETIC DEMO LOG FOR DEVELOPMENT/TESTING ONLY
TRUE,DEMO-00798,C-02,Centre B - Singur Agro Hub,3.8,Paddy,1240.0,08:00 - 10:00,4,100,0.25,3,0,1,8.7,SYNTHETIC DEMO LOG FOR DEVELOPMENT/TESTING ONLY
TRUE,DEMO-00799,C-02,Centre B - Singur Agro Hub,32.4,Paddy,2400.0,16:00 - 18:00,4,100,0.96,8,1,1,59.7,SYNTHETIC DEMO LOG FOR DEVELOPMENT/TESTING ONLY
TRUE,DEMO-00800,C-03,Centre C - Memari Procurement Depot,19.4,Potato,1850.0,08:00 - 10:00,2,60,0.27,4,0,1,28.4,SYNTHETIC DEMO LOG FOR DEVELOPMENT/TESTING ONLY
TRUE,DEMO-00801,C-03,Centre C - Memari Procurement Depot,43.7,Paddy,2000.0,08:00 - 10:00,2,60,0.57,6,0,1,35.2,SYNTHETIC DEMO LOG FOR DEVELOPMENT/TESTING ONLY
TRUE,DEMO-00802,C-05,Centre E - Kalyani Storage & Hub,33.3,Paddy,3240.0,16:00 - 18:00,2,50,0.43,1,0,1,31.7,SYNTHETIC DEMO LOG FOR DEVELOPMENT/TESTING ONLY
TRUE,DEMO-00803,C-04,Centre D - Ranaghat Krishak Mandi,31.2,Potato,590.0,10:00 - 12:00,3,90,0.17,7,0,0,21.0,SYNTHETIC DEMO LOG FOR DEVELOPMENT/TESTING ONLY
TRUE,DEMO-00804,C-03,Centre C - Memari Procurement Depot,29.6,Potato,2130.0,16:00 - 18:00,2,60,0.33,4,0,1,33.8,SYNTHETIC DEMO LOG FOR DEVELOPMENT/TESTING ONLY
TRUE,DEMO-00805,C-03,Centre C - Memari Procurement Depot,5.6,Paddy,3000.0,08:00 - 10:00,2,60,0.71,8,0,1,55.0,SYNTHETIC DEMO LOG FOR DEVELOPMENT/TESTING ONLY
TRUE,DEMO-00806,C-04,Centre D - Ranaghat Krishak Mandi,28.0,Wheat,3310.0,16:00 - 18:00,3,90,0.9,7,0,1,54.4,SYNTHETIC DEMO LOG FOR DEVELOPMENT/TESTING ONLY
TRUE,DEMO-00807,C-06,Centre F - Guskara Sub-Mandi,18.6,Mustard,240.0,12:00 - 14:00,2,40,0.44,3,1,1,29.2,SYNTHETIC DEMO LOG FOR DEVELOPMENT/TESTING ONLY
TRUE,DEMO-00808,C-02,Centre B - Singur Agro Hub,36.6,Mustard,1150.0,14:00 - 16:00,4,100,0.82,6,0,1,17.8,SYNTHETIC DEMO LOG FOR DEVELOPMENT/TESTING ONLY
TRUE,DEMO-00809,C-04,Centre D - Ranaghat Krishak Mandi,37.9,Mustard,2170.0,10:00 - 12:00,3,90,0.27,4,0,1,28.4,SYNTHETIC DEMO LOG FOR DEVELOPMENT/TESTING ONLY
TRUE,DEMO-00810,C-03,Centre C - Memari Procurement Depot,34.5,Potato,490.0,16:00 - 18:00,2,60,0.49,4,0,1,17.7,SYNTHETIC DEMO LOG FOR DEVELOPMENT/TESTING ONLY
TRUE,DEMO-00811,C-04,Centre D - Ranaghat Krishak Mandi,21.9,Paddy,2070.0,16:00 - 18:00,3,90,0.91,11,1,1,72.6,SYNTHETIC DEMO LOG FOR DEVELOPMENT/TESTING ONLY
TRUE,DEMO-00812,C-01,Centre A - Burdwan Mandi,15.1,Wheat,2050.0,16:00 - 18:00,3,80,0.53,0,0,1,15.9,SYNTHETIC DEMO LOG FOR DEVELOPMENT/TESTING ONLY
TRUE,DEMO-00813,C-01,Centre A - Burdwan Mandi,14.9,Paddy,2310.0,12:00 - 14:00,3,80,0.68,1,0,1,16.1,SYNTHETIC DEMO LOG FOR DEVELOPMENT/TESTING ONLY
TRUE,DEMO-00814,C-02,Centre B - Singur Agro Hub,3.2,Mustard,2720.0,10:00 - 12:00,4,100,0.56,11,0,1,31.3,SYNTHETIC DEMO LOG FOR DEVELOPMENT/TESTING ONLY
TRUE,DEMO-00815,C-05,Centre E - Kalyani Storage & Hub,22.7,Wheat,1640.0,16:00 - 18:00,2,50,0.36,3,0,1,27.1,SYNTHETIC DEMO LOG FOR DEVELOPMENT/TESTING ONLY
TRUE,DEMO-00816,C-03,Centre C - Memari Procurement Depot,2.8,Maize,1060.0,16:00 - 18:00,2,60,0.63,1,0,1,11.1,SYNTHETIC DEMO LOG FOR DEVELOPMENT/TESTING ONLY
TRUE,DEMO-00817,C-04,Centre D - Ranaghat Krishak Mandi,9.0,Paddy,1100.0,12:00 - 14:00,3,90,0.5,7,0,1,22.6,SYNTHETIC DEMO LOG FOR DEVELOPMENT/TESTING ONLY
TRUE,DEMO-00818,C-05,Centre E - Kalyani Storage & Hub,10.3,Potato,2270.0,16:00 - 18:00,2,50,0.78,3,0,1,27.9,SYNTHETIC DEMO LOG FOR DEVELOPMENT/TESTING ONLY
TRUE,DEMO-00819,C-02,Centre B - Singur Agro Hub,39.5,Maize,2930.0,12:00 - 14:00,4,100,0.72,3,0,0,18.7,SYNTHETIC DEMO LOG FOR DEVELOPMENT/TESTING ONLY
TRUE,DEMO-00820,C-01,Centre A - Burdwan Mandi,17.1,Maize,670.0,16:00 - 18:00,3,80,0.26,1,0,1,5.0,SYNTHETIC DEMO LOG FOR DEVELOPMENT/TESTING ONLY
TRUE,DEMO-00821,C-04,Centre D - Ranaghat Krishak Mandi,41.6,Mustard,740.0,12:00 - 14:00,3,90,0.33,4,0,1,17.2,SYNTHETIC DEMO LOG FOR DEVELOPMENT/TESTING ONLY
TRUE,DEMO-00822,C-05,Centre E - Kalyani Storage & Hub,38.4,Maize,2550.0,16:00 - 18:00,2,50,0.73,3,0,1,23.2,SYNTHETIC DEMO LOG FOR DEVELOPMENT/TESTING ONLY
TRUE,DEMO-00823,C-04,Centre D - Ranaghat Krishak Mandi,7.0,Mustard,630.0,08:00 - 10:00,3,90,0.16,3,0,1,10.9,SYNTHETIC DEMO LOG FOR DEVELOPMENT/TESTING ONLY
TRUE,DEMO-00824,C-04,Centre D - Ranaghat Krishak Mandi,34.8,Maize,1330.0,16:00 - 18:00,3,90,0.74,0,0,0,7.9,SYNTHETIC DEMO LOG FOR DEVELOPMENT/TESTING ONLY
TRUE,DEMO-00825,C-01,Centre A - Burdwan Mandi,38.8,Paddy,670.0,10:00 - 12:00,3,80,0.34,2,0,1,9.9,SYNTHETIC DEMO LOG FOR DEVELOPMENT/TESTING ONLY
TRUE,DEMO-00826,C-06,Centre F - Guskara Sub-Mandi,2.8,Potato,1800.0,08:00 - 10:00,2,40,0.51,2,1,0,45.0,SYNTHETIC DEMO LOG FOR DEVELOPMENT/TESTING ONLY
TRUE,DEMO-00827,C-01,Centre A - Burdwan Mandi,4.5,Maize,590.0,16:00 - 18:00,3,80,0.36,0,0,1,5.0,SYNTHETIC DEMO LOG FOR DEVELOPMENT/TESTING ONLY
TRUE,DEMO-00828,C-01,Centre A - Burdwan Mandi,27.3,Maize,860.0,10:00 - 12:00,3,80,0.71,1,0,1,5.0,SYNTHETIC DEMO LOG FOR DEVELOPMENT/TESTING ONLY
TRUE,DEMO-00829,C-02,Centre B - Singur Agro Hub,17.0,Wheat,730.0,16:00 - 18:00,4,100,0.57,3,0,0,9.2,SYNTHETIC DEMO LOG FOR DEVELOPMENT/TESTING ONLY
TRUE,DEMO-00830,C-01,Centre A - Burdwan Mandi,24.7,Maize,2560.0,08:00 - 10:00,3,80,0.95,12,1,1,83.5,SYNTHETIC DEMO LOG FOR DEVELOPMENT/TESTING ONLY
TRUE,DEMO-00831,C-05,Centre E - Kalyani Storage & Hub,41.7,Potato,3240.0,08:00 - 10:00,2,50,0.86,13,0,1,79.8,SYNTHETIC DEMO LOG FOR DEVELOPMENT/TESTING ONLY
TRUE,DEMO-00832,C-01,Centre A - Burdwan Mandi,44.2,Paddy,1600.0,12:00 - 14:00,3,80,0.58,3,0,1,15.7,SYNTHETIC DEMO LOG FOR DEVELOPMENT/TESTING ONLY
TRUE,DEMO-00833,C-03,Centre C - Memari Procurement Depot,6.7,Potato,650.0,14:00 - 16:00,2,60,0.78,4,0,1,18.4,SYNTHETIC DEMO LOG FOR DEVELOPMENT/TESTING ONLY
TRUE,DEMO-00834,C-03,Centre C - Memari Procurement Depot,18.5,Mustard,1710.0,08:00 - 10:00,2,60,0.76,6,0,0,34.4,SYNTHETIC DEMO LOG FOR DEVELOPMENT/TESTING ONLY
TRUE,DEMO-00835,C-04,Centre D - Ranaghat Krishak Mandi,19.5,Paddy,3450.0,16:00 - 18:00,3,90,0.51,4,0,1,38.1,SYNTHETIC DEMO LOG FOR DEVELOPMENT/TESTING ONLY
TRUE,DEMO-00836,C-06,Centre F - Guskara Sub-Mandi,2.5,Wheat,2420.0,10:00 - 12:00,2,40,0.71,5,1,0,57.2,SYNTHETIC DEMO LOG FOR DEVELOPMENT/TESTING ONLY
TRUE,DEMO-00837,C-05,Centre E - Kalyani Storage & Hub,8.2,Potato,1520.0,08:00 - 10:00,2,50,0.64,1,0,1,21.2,SYNTHETIC DEMO LOG FOR DEVELOPMENT/TESTING ONLY
TRUE,DEMO-00838,C-01,Centre A - Burdwan Mandi,16.6,Wheat,2160.0,10:00 - 12:00,3,80,0.97,12,1,1,73.3,SYNTHETIC DEMO LOG FOR DEVELOPMENT/TESTING ONLY
TRUE,DEMO-00839,C-04,Centre D - Ranaghat Krishak Mandi,34.9,Mustard,2730.0,12:00 - 14:00,3,90,0.64,6,0,1,35.6,SYNTHETIC DEMO LOG FOR DEVELOPMENT/TESTING ONLY
TRUE,DEMO-00840,C-03,Centre C - Memari Procurement Depot,42.9,Mustard,3460.0,16:00 - 18:00,2,60,0.57,1,0,0,24.4,SYNTHETIC DEMO LOG FOR DEVELOPMENT/TESTING ONLY
TRUE,DEMO-00841,C-04,Centre D - Ranaghat Krishak Mandi,12.8,Potato,1840.0,08:00 - 10:00,3,90,0.67,2,0,0,18.5,SYNTHETIC DEMO LOG FOR DEVELOPMENT/TESTING ONLY
TRUE,DEMO-00842,C-01,Centre A - Burdwan Mandi,43.8,Mustard,1460.0,08:00 - 10:00,3,80,0.71,2,0,1,14.7,SYNTHETIC DEMO LOG FOR DEVELOPMENT/TESTING ONLY
TRUE,DEMO-00843,C-05,Centre E - Kalyani Storage & Hub,34.7,Maize,2380.0,08:00 - 10:00,2,50,0.58,4,0,1,27.7,SYNTHETIC DEMO LOG FOR DEVELOPMENT/TESTING ONLY
TRUE,DEMO-00844,C-04,Centre D - Ranaghat Krishak Mandi,13.3,Mustard,1330.0,16:00 - 18:00,3,90,0.86,12,0,1,53.0,SYNTHETIC DEMO LOG FOR DEVELOPMENT/TESTING ONLY
TRUE,DEMO-00845,C-01,Centre A - Burdwan Mandi,18.5,Mustard,1240.0,08:00 - 10:00,3,80,0.46,4,0,1,21.1,SYNTHETIC DEMO LOG FOR DEVELOPMENT/TESTING ONLY
TRUE,DEMO-00846,C-03,Centre C - Memari Procurement Depot,20.5,Paddy,1230.0,14:00 - 16:00,2,60,0.47,5,0,1,28.1,SYNTHETIC DEMO LOG FOR DEVELOPMENT/TESTING ONLY
TRUE,DEMO-00847,C-05,Centre E - Kalyani Storage & Hub,31.5,Mustard,2090.0,16:00 - 18:00,2,50,0.55,4,0,1,25.2,SYNTHETIC DEMO LOG FOR DEVELOPMENT/TESTING ONLY
TRUE,DEMO-00848,C-04,Centre D - Ranaghat Krishak Mandi,28.5,Maize,1360.0,14:00 - 16:00,3,90,0.96,6,1,0,58.5,SYNTHETIC DEMO LOG FOR DEVELOPMENT/TESTING ONLY
TRUE,DEMO-00849,C-05,Centre E - Kalyani Storage & Hub,38.0,Potato,1350.0,10:00 - 12:00,2,50,0.77,1,0,1,14.8,SYNTHETIC DEMO LOG FOR DEVELOPMENT/TESTING ONLY
TRUE,DEMO-00850,C-01,Centre A - Burdwan Mandi,44.7,Mustard,1560.0,12:00 - 14:00,3,80,0.2,2,0,1,13.1,SYNTHETIC DEMO LOG FOR DEVELOPMENT/TESTING ONLY
TRUE,DEMO-00851,C-02,Centre B - Singur Agro Hub,5.7,Wheat,2470.0,16:00 - 18:00,4,100,0.87,6,0,0,41.0,SYNTHETIC DEMO LOG FOR DEVELOPMENT/TESTING ONLY
TRUE,DEMO-00852,C-04,Centre D - Ranaghat Krishak Mandi,24.1,Mustard,1590.0,16:00 - 18:00,3,90,0.17,2,0,1,16.3,SYNTHETIC DEMO LOG FOR DEVELOPMENT/TESTING ONLY
TRUE,DEMO-00853,C-01,Centre A - Burdwan Mandi,26.5,Wheat,1260.0,14:00 - 16:00,3,80,0.23,3,0,1,14.5,SYNTHETIC DEMO LOG FOR DEVELOPMENT/TESTING ONLY
TRUE,DEMO-00854,C-04,Centre D - Ranaghat Krishak Mandi,9.2,Maize,1190.0,12:00 - 14:00,3,90,0.95,11,1,0,67.2,SYNTHETIC DEMO LOG FOR DEVELOPMENT/TESTING ONLY
TRUE,DEMO-00855,C-01,Centre A - Burdwan Mandi,14.4,Maize,360.0,10:00 - 12:00,3,80,0.98,10,1,1,55.3,SYNTHETIC DEMO LOG FOR DEVELOPMENT/TESTING ONLY
TRUE,DEMO-00856,C-06,Centre F - Guskara Sub-Mandi,27.5,Maize,1100.0,08:00 - 10:00,2,40,0.62,5,1,0,42.6,SYNTHETIC DEMO LOG FOR DEVELOPMENT/TESTING ONLY
TRUE,DEMO-00857,C-04,Centre D - Ranaghat Krishak Mandi,36.2,Paddy,2350.0,12:00 - 14:00,3,90,0.4,6,0,1,27.3,SYNTHETIC DEMO LOG FOR DEVELOPMENT/TESTING ONLY
TRUE,DEMO-00858,C-02,Centre B - Singur Agro Hub,12.8,Mustard,1900.0,14:00 - 16:00,4,100,0.71,3,0,1,16.7,SYNTHETIC DEMO LOG FOR DEVELOPMENT/TESTING ONLY
TRUE,DEMO-00859,C-01,Centre A - Burdwan Mandi,26.8,Maize,900.0,10:00 - 12:00,3,80,0.95,16,1,1,77.7,SYNTHETIC DEMO LOG FOR DEVELOPMENT/TESTING ONLY
TRUE,DEMO-00860,C-05,Centre E - Kalyani Storage & Hub,33.2,Mustard,400.0,16:00 - 18:00,2,50,0.32,2,0,1,14.0,SYNTHETIC DEMO LOG FOR DEVELOPMENT/TESTING ONLY
TRUE,DEMO-00861,C-02,Centre B - Singur Agro Hub,38.3,Paddy,1550.0,12:00 - 14:00,4,100,0.86,16,0,1,52.0,SYNTHETIC DEMO LOG FOR DEVELOPMENT/TESTING ONLY
TRUE,DEMO-00862,C-03,Centre C - Memari Procurement Depot,31.5,Paddy,980.0,12:00 - 14:00,2,60,0.35,2,0,1,17.8,SYNTHETIC DEMO LOG FOR DEVELOPMENT/TESTING ONLY
TRUE,DEMO-00863,C-01,Centre A - Burdwan Mandi,22.0,Paddy,2050.0,12:00 - 14:00,3,80,0.51,5,0,1,26.7,SYNTHETIC DEMO LOG FOR DEVELOPMENT/TESTING ONLY
TRUE,DEMO-00864,C-02,Centre B - Singur Agro Hub,36.0,Potato,1120.0,12:00 - 14:00,4,100,0.61,5,0,1,15.0,SYNTHETIC DEMO LOG FOR DEVELOPMENT/TESTING ONLY
TRUE,DEMO-00865,C-01,Centre A - Burdwan Mandi,4.4,Mustard,3160.0,08:00 - 10:00,3,80,0.41,3,0,1,34.4,SYNTHETIC DEMO LOG FOR DEVELOPMENT/TESTING ONLY
TRUE,DEMO-00866,C-03,Centre C - Memari Procurement Depot,42.6,Potato,2590.0,14:00 - 16:00,2,60,0.27,1,0,1,27.1,SYNTHETIC DEMO LOG FOR DEVELOPMENT/TESTING ONLY
TRUE,DEMO-00867,C-06,Centre F - Guskara Sub-Mandi,24.4,Maize,2940.0,08:00 - 10:00,2,40,0.94,14,1,0,110.6,SYNTHETIC DEMO LOG FOR DEVELOPMENT/TESTING ONLY
TRUE,DEMO-00868,C-05,Centre E - Kalyani Storage & Hub,16.2,Potato,2130.0,12:00 - 14:00,2,50,0.47,6,0,1,35.5,SYNTHETIC DEMO LOG FOR DEVELOPMENT/TESTING ONLY
TRUE,DEMO-00869,C-02,Centre B - Singur Agro Hub,8.2,Mustard,780.0,10:00 - 12:00,4,100,0.96,12,1,1,60.7,SYNTHETIC DEMO LOG FOR DEVELOPMENT/TESTING ONLY
TRUE,DEMO-00870,C-05,Centre E - Kalyani Storage & Hub,15.6,Wheat,1600.0,08:00 - 10:00,2,50,0.72,8,0,1,38.1,SYNTHETIC DEMO LOG FOR DEVELOPMENT/TESTING ONLY
TRUE,DEMO-00871,C-02,Centre B - Singur Agro Hub,32.8,Wheat,2910.0,14:00 - 16:00,4,100,0.17,6,0,0,21.1,SYNTHETIC DEMO LOG FOR DEVELOPMENT/TESTING ONLY
TRUE,DEMO-00872,C-06,Centre F - Guskara Sub-Mandi,12.9,Potato,1470.0,10:00 - 12:00,2,40,0.68,8,1,0,58.4,SYNTHETIC DEMO LOG FOR DEVELOPMENT/TESTING ONLY
TRUE,DEMO-00873,C-06,Centre F - Guskara Sub-Mandi,39.3,Potato,3030.0,16:00 - 18:00,2,40,0.47,4,1,0,56.3,SYNTHETIC DEMO LOG FOR DEVELOPMENT/TESTING ONLY
TRUE,DEMO-00874,C-03,Centre C - Memari Procurement Depot,42.3,Wheat,2700.0,08:00 - 10:00,2,60,0.4,7,0,0,51.3,SYNTHETIC DEMO LOG FOR DEVELOPMENT/TESTING ONLY
TRUE,DEMO-00875,C-02,Centre B - Singur Agro Hub,39.8,Mustard,2730.0,12:00 - 14:00,4,100,0.49,1,0,1,19.7,SYNTHETIC DEMO LOG FOR DEVELOPMENT/TESTING ONLY
TRUE,DEMO-00876,C-04,Centre D - Ranaghat Krishak Mandi,41.8,Mustard,1300.0,14:00 - 16:00,3,90,0.5,5,0,1,16.7,SYNTHETIC DEMO LOG FOR DEVELOPMENT/TESTING ONLY
TRUE,DEMO-00877,C-01,Centre A - Burdwan Mandi,23.8,Paddy,1360.0,12:00 - 14:00,3,80,0.65,6,0,1,22.6,SYNTHETIC DEMO LOG FOR DEVELOPMENT/TESTING ONLY
TRUE,DEMO-00878,C-01,Centre A - Burdwan Mandi,29.1,Potato,2810.0,10:00 - 12:00,3,80,0.26,5,0,1,26.6,SYNTHETIC DEMO LOG FOR DEVELOPMENT/TESTING ONLY
TRUE,DEMO-00879,C-06,Centre F - Guskara Sub-Mandi,26.8,Wheat,570.0,12:00 - 14:00,2,40,0.36,5,1,0,43.4,SYNTHETIC DEMO LOG FOR DEVELOPMENT/TESTING ONLY
TRUE,DEMO-00880,C-02,Centre B - Singur Agro Hub,36.1,Maize,1250.0,14:00 - 16:00,4,100,0.55,4,0,0,9.2,SYNTHETIC DEMO LOG FOR DEVELOPMENT/TESTING ONLY
TRUE,DEMO-00881,C-03,Centre C - Memari Procurement Depot,37.6,Paddy,2840.0,16:00 - 18:00,2,60,0.31,2,0,1,32.3,SYNTHETIC DEMO LOG FOR DEVELOPMENT/TESTING ONLY
TRUE,DEMO-00882,C-05,Centre E - Kalyani Storage & Hub,42.8,Paddy,3250.0,08:00 - 10:00,2,50,0.69,5,0,1,45.2,SYNTHETIC DEMO LOG FOR DEVELOPMENT/TESTING ONLY
TRUE,DEMO-00883,C-01,Centre A - Burdwan Mandi,13.3,Mustard,3010.0,10:00 - 12:00,3,80,0.19,7,0,1,34.5,SYNTHETIC DEMO LOG FOR DEVELOPMENT/TESTING ONLY
TRUE,DEMO-00884,C-03,Centre C - Memari Procurement Depot,7.0,Paddy,2570.0,16:00 - 18:00,2,60,0.51,4,0,1,33.6,SYNTHETIC DEMO LOG FOR DEVELOPMENT/TESTING ONLY
TRUE,DEMO-00885,C-04,Centre D - Ranaghat Krishak Mandi,11.7,Mustard,870.0,08:00 - 10:00,3,90,0.94,13,1,1,70.7,SYNTHETIC DEMO LOG FOR DEVELOPMENT/TESTING ONLY
TRUE,DEMO-00886,C-02,Centre B - Singur Agro Hub,27.8,Mustard,3480.0,10:00 - 12:00,4,100,0.38,8,0,1,35.5,SYNTHETIC DEMO LOG FOR DEVELOPMENT/TESTING ONLY
TRUE,DEMO-00887,C-04,Centre D - Ranaghat Krishak Mandi,36.1,Paddy,290.0,14:00 - 16:00,3,90,0.96,9,1,1,60.5,SYNTHETIC DEMO LOG FOR DEVELOPMENT/TESTING ONLY
TRUE,DEMO-00888,C-06,Centre F - Guskara Sub-Mandi,2.4,Mustard,640.0,08:00 - 10:00,2,40,0.42,6,1,1,45.5,SYNTHETIC DEMO LOG FOR DEVELOPMENT/TESTING ONLY
TRUE,DEMO-00889,C-06,Centre F - Guskara Sub-Mandi,32.5,Paddy,2630.0,14:00 - 16:00,2,40,0.36,1,1,1,51.0,SYNTHETIC DEMO LOG FOR DEVELOPMENT/TESTING ONLY
TRUE,DEMO-00890,C-02,Centre B - Singur Agro Hub,44.9,Mustard,3300.0,12:00 - 14:00,4,100,0.95,14,1,1,77.6,SYNTHETIC DEMO LOG FOR DEVELOPMENT/TESTING ONLY
TRUE,DEMO-00891,C-01,Centre A - Burdwan Mandi,23.7,Potato,1460.0,12:00 - 14:00,3,80,0.96,10,1,1,71.6,SYNTHETIC DEMO LOG FOR DEVELOPMENT/TESTING ONLY
TRUE,DEMO-00892,C-05,Centre E - Kalyani Storage & Hub,9.3,Paddy,1830.0,12:00 - 14:00,2,50,0.43,4,0,1,25.7,SYNTHETIC DEMO LOG FOR DEVELOPMENT/TESTING ONLY
TRUE,DEMO-00893,C-01,Centre A - Burdwan Mandi,20.6,Wheat,1060.0,16:00 - 18:00,3,80,0.41,4,0,1,8.1,SYNTHETIC DEMO LOG FOR DEVELOPMENT/TESTING ONLY
TRUE,DEMO-00894,C-03,Centre C - Memari Procurement Depot,14.2,Wheat,3090.0,14:00 - 16:00,2,60,0.66,5,0,0,42.3,SYNTHETIC DEMO LOG FOR DEVELOPMENT/TESTING ONLY
TRUE,DEMO-00895,C-03,Centre C - Memari Procurement Depot,20.7,Maize,740.0,12:00 - 14:00,2,60,0.76,4,0,1,23.6,SYNTHETIC DEMO LOG FOR DEVELOPMENT/TESTING ONLY
TRUE,DEMO-00896,C-06,Centre F - Guskara Sub-Mandi,10.1,Mustard,380.0,08:00 - 10:00,2,40,0.3,4,1,1,36.4,SYNTHETIC DEMO LOG FOR DEVELOPMENT/TESTING ONLY
TRUE,DEMO-00897,C-02,Centre B - Singur Agro Hub,7.0,Mustard,3150.0,14:00 - 16:00,4,100,0.56,3,0,1,25.5,SYNTHETIC DEMO LOG FOR DEVELOPMENT/TESTING ONLY
TRUE,DEMO-00898,C-04,Centre D - Ranaghat Krishak Mandi,38.4,Mustard,3060.0,08:00 - 10:00,3,90,0.25,1,0,1,23.8,SYNTHETIC DEMO LOG FOR DEVELOPMENT/TESTING ONLY
TRUE,DEMO-00899,C-03,Centre C - Memari Procurement Depot,34.2,Paddy,2910.0,10:00 - 12:00,2,60,0.62,8,0,1,53.8,SYNTHETIC DEMO LOG FOR DEVELOPMENT/TESTING ONLY
TRUE,DEMO-00900,C-01,Centre A - Burdwan Mandi,9.8,Maize,3240.0,16:00 - 18:00,3,80,0.35,2,0,1,36.0,SYNTHETIC DEMO LOG FOR DEVELOPMENT/TESTING ONLY
TRUE,DEMO-00901,C-01,Centre A - Burdwan Mandi,14.2,Wheat,3440.0,08:00 - 10:00,3,80,0.25,3,0,1,30.6,SYNTHETIC DEMO LOG FOR DEVELOPMENT/TESTING ONLY
TRUE,DEMO-00902,C-03,Centre C - Memari Procurement Depot,5.5,Paddy,2940.0,08:00 - 10:00,2,60,0.7,4,0,1,36.9,SYNTHETIC DEMO LOG FOR DEVELOPMENT/TESTING ONLY
TRUE,DEMO-00903,C-03,Centre C - Memari Procurement Depot,16.2,Maize,340.0,08:00 - 10:00,2,60,0.67,4,0,1,28.5,SYNTHETIC DEMO LOG FOR DEVELOPMENT/TESTING ONLY
TRUE,DEMO-00904,C-05,Centre E - Kalyani Storage & Hub,39.1,Paddy,2850.0,10:00 - 12:00,2,50,0.38,9,0,1,46.8,SYNTHETIC DEMO LOG FOR DEVELOPMENT/TESTING ONLY
TRUE,DEMO-00905,C-06,Centre F - Guskara Sub-Mandi,42.9,Potato,1460.0,16:00 - 18:00,2,40,0.48,1,1,0,43.2,SYNTHETIC DEMO LOG FOR DEVELOPMENT/TESTING ONLY
TRUE,DEMO-00906,C-01,Centre A - Burdwan Mandi,9.0,Potato,2770.0,10:00 - 12:00,3,80,0.39,9,0,1,37.7,SYNTHETIC DEMO LOG FOR DEVELOPMENT/TESTING ONLY
TRUE,DEMO-00907,C-06,Centre F - Guskara Sub-Mandi,14.8,Paddy,2840.0,08:00 - 10:00,2,40,0.76,8,1,1,78.3,SYNTHETIC DEMO LOG FOR DEVELOPMENT/TESTING ONLY
TRUE,DEMO-00908,C-03,Centre C - Memari Procurement Depot,24.0,Potato,1820.0,12:00 - 14:00,2,60,0.88,12,0,1,69.2,SYNTHETIC DEMO LOG FOR DEVELOPMENT/TESTING ONLY
TRUE,DEMO-00909,C-05,Centre E - Kalyani Storage & Hub,34.5,Mustard,2880.0,08:00 - 10:00,2,50,0.66,4,0,1,32.8,SYNTHETIC DEMO LOG FOR DEVELOPMENT/TESTING ONLY
TRUE,DEMO-00910,C-03,Centre C - Memari Procurement Depot,29.8,Mustard,2550.0,10:00 - 12:00,2,60,0.92,16,1,0,111.8,SYNTHETIC DEMO LOG FOR DEVELOPMENT/TESTING ONLY
TRUE,DEMO-00911,C-05,Centre E - Kalyani Storage & Hub,22.1,Potato,460.0,12:00 - 14:00,2,50,0.82,3,0,1,18.2,SYNTHETIC DEMO LOG FOR DEVELOPMENT/TESTING ONLY
TRUE,DEMO-00912,C-03,Centre C - Memari Procurement Depot,20.4,Paddy,2080.0,16:00 - 18:00,2,60,0.61,4,0,1,30.2,SYNTHETIC DEMO LOG FOR DEVELOPMENT/TESTING ONLY
TRUE,DEMO-00913,C-05,Centre E - Kalyani Storage & Hub,20.3,Potato,510.0,16:00 - 18:00,2,50,0.7,2,0,1,10.4,SYNTHETIC DEMO LOG FOR DEVELOPMENT/TESTING ONLY
TRUE,DEMO-00914,C-01,Centre A - Burdwan Mandi,6.9,Maize,2380.0,08:00 - 10:00,3,80,0.3,2,0,1,22.4,SYNTHETIC DEMO LOG FOR DEVELOPMENT/TESTING ONLY
TRUE,DEMO-00915,C-04,Centre D - Ranaghat Krishak Mandi,19.9,Potato,2520.0,08:00 - 10:00,3,90,0.41,6,0,0,32.0,SYNTHETIC DEMO LOG FOR DEVELOPMENT/TESTING ONLY
TRUE,DEMO-00916,C-03,Centre C - Memari Procurement Depot,11.1,Wheat,460.0,10:00 - 12:00,2,60,0.97,13,1,0,80.9,SYNTHETIC DEMO LOG FOR DEVELOPMENT/TESTING ONLY
TRUE,DEMO-00917,C-01,Centre A - Burdwan Mandi,2.8,Mustard,1500.0,16:00 - 18:00,3,80,0.16,3,0,1,13.8,SYNTHETIC DEMO LOG FOR DEVELOPMENT/TESTING ONLY
TRUE,DEMO-00918,C-06,Centre F - Guskara Sub-Mandi,15.0,Maize,2880.0,14:00 - 16:00,2,40,0.66,4,1,0,62.1,SYNTHETIC DEMO LOG FOR DEVELOPMENT/TESTING ONLY
TRUE,DEMO-00919,C-06,Centre F - Guskara Sub-Mandi,5.8,Mustard,650.0,12:00 - 14:00,2,40,0.31,6,1,1,46.5,SYNTHETIC DEMO LOG FOR DEVELOPMENT/TESTING ONLY
TRUE,DEMO-00920,C-01,Centre A - Burdwan Mandi,29.9,Paddy,2340.0,14:00 - 16:00,3,80,0.51,4,0,1,22.7,SYNTHETIC DEMO LOG FOR DEVELOPMENT/TESTING ONLY
TRUE,DEMO-00921,C-05,Centre E - Kalyani Storage & Hub,14.9,Paddy,1730.0,08:00 - 10:00,2,50,0.54,1,0,1,16.1,SYNTHETIC DEMO LOG FOR DEVELOPMENT/TESTING ONLY
TRUE,DEMO-00922,C-06,Centre F - Guskara Sub-Mandi,22.3,Mustard,3040.0,14:00 - 16:00,2,40,0.64,1,1,1,53.9,SYNTHETIC DEMO LOG FOR DEVELOPMENT/TESTING ONLY
TRUE,DEMO-00923,C-05,Centre E - Kalyani Storage & Hub,16.4,Mustard,540.0,08:00 - 10:00,2,50,0.85,4,0,1,14.6,SYNTHETIC DEMO LOG FOR DEVELOPMENT/TESTING ONLY
TRUE,DEMO-00924,C-05,Centre E - Kalyani Storage & Hub,45.0,Maize,320.0,16:00 - 18:00,2,50,0.48,2,0,1,10.9,SYNTHETIC DEMO LOG FOR DEVELOPMENT/TESTING ONLY
TRUE,DEMO-00925,C-06,Centre F - Guskara Sub-Mandi,12.0,Maize,400.0,14:00 - 16:00,2,40,0.17,4,1,0,35.6,SYNTHETIC DEMO LOG FOR DEVELOPMENT/TESTING ONLY
TRUE,DEMO-00926,C-06,Centre F - Guskara Sub-Mandi,7.0,Mustard,2250.0,14:00 - 16:00,2,40,0.69,3,1,1,51.1,SYNTHETIC DEMO LOG FOR DEVELOPMENT/TESTING ONLY
TRUE,DEMO-00927,C-04,Centre D - Ranaghat Krishak Mandi,14.4,Potato,830.0,10:00 - 12:00,3,90,0.44,3,0,0,14.1,SYNTHETIC DEMO LOG FOR DEVELOPMENT/TESTING ONLY
TRUE,DEMO-00928,C-03,Centre C - Memari Procurement Depot,7.6,Maize,1170.0,14:00 - 16:00,2,60,0.74,6,0,1,36.8,SYNTHETIC DEMO LOG FOR DEVELOPMENT/TESTING ONLY
TRUE,DEMO-00929,C-06,Centre F - Guskara Sub-Mandi,36.4,Wheat,2990.0,14:00 - 16:00,2,40,0.67,2,1,0,55.4,SYNTHETIC DEMO LOG FOR DEVELOPMENT/TESTING ONLY
TRUE,DEMO-00930,C-02,Centre B - Singur Agro Hub,8.7,Paddy,1820.0,10:00 - 12:00,4,100,0.81,11,0,1,24.3,SYNTHETIC DEMO LOG FOR DEVELOPMENT/TESTING ONLY
TRUE,DEMO-00931,C-04,Centre D - Ranaghat Krishak Mandi,11.0,Wheat,360.0,10:00 - 12:00,3,90,0.17,10,0,1,24.8,SYNTHETIC DEMO LOG FOR DEVELOPMENT/TESTING ONLY
TRUE,DEMO-00932,C-05,Centre E - Kalyani Storage & Hub,16.5,Potato,580.0,08:00 - 10:00,2,50,0.34,5,0,1,22.8,SYNTHETIC DEMO LOG FOR DEVELOPMENT/TESTING ONLY
TRUE,DEMO-00933,C-04,Centre D - Ranaghat Krishak Mandi,35.8,Wheat,2740.0,12:00 - 14:00,3,90,0.79,4,0,1,33.5,SYNTHETIC DEMO LOG FOR DEVELOPMENT/TESTING ONLY
TRUE,DEMO-00934,C-05,Centre E - Kalyani Storage & Hub,32.4,Maize,3260.0,08:00 - 10:00,2,50,0.51,4,0,1,32.6,SYNTHETIC DEMO LOG FOR DEVELOPMENT/TESTING ONLY
TRUE,DEMO-00935,C-01,Centre A - Burdwan Mandi,28.2,Potato,3030.0,16:00 - 18:00,3,80,0.23,2,0,1,22.5,SYNTHETIC DEMO LOG FOR DEVELOPMENT/TESTING ONLY
TRUE,DEMO-00936,C-01,Centre A - Burdwan Mandi,8.8,Paddy,1160.0,12:00 - 14:00,3,80,0.52,4,0,1,16.8,SYNTHETIC DEMO LOG FOR DEVELOPMENT/TESTING ONLY
TRUE,DEMO-00937,C-06,Centre F - Guskara Sub-Mandi,29.8,Potato,1300.0,10:00 - 12:00,2,40,0.26,10,1,0,64.5,SYNTHETIC DEMO LOG FOR DEVELOPMENT/TESTING ONLY
TRUE,DEMO-00938,C-01,Centre A - Burdwan Mandi,16.7,Paddy,1870.0,14:00 - 16:00,3,80,0.22,2,0,1,18.0,SYNTHETIC DEMO LOG FOR DEVELOPMENT/TESTING ONLY
TRUE,DEMO-00939,C-04,Centre D - Ranaghat Krishak Mandi,8.5,Wheat,2690.0,10:00 - 12:00,3,90,0.5,3,0,1,27.1,SYNTHETIC DEMO LOG FOR DEVELOPMENT/TESTING ONLY
TRUE,DEMO-00940,C-04,Centre D - Ranaghat Krishak Mandi,36.2,Mustard,1390.0,16:00 - 18:00,3,90,0.17,1,0,1,9.3,SYNTHETIC DEMO LOG FOR DEVELOPMENT/TESTING ONLY
TRUE,DEMO-00941,C-01,Centre A - Burdwan Mandi,5.6,Maize,1240.0,08:00 - 10:00,3,80,0.97,6,1,1,56.4,SYNTHETIC DEMO LOG FOR DEVELOPMENT/TESTING ONLY
TRUE,DEMO-00942,C-06,Centre F - Guskara Sub-Mandi,4.5,Paddy,2280.0,16:00 - 18:00,2,40,0.74,3,1,1,52.7,SYNTHETIC DEMO LOG FOR DEVELOPMENT/TESTING ONLY
TRUE,DEMO-00943,C-05,Centre E - Kalyani Storage & Hub,19.3,Wheat,2450.0,14:00 - 16:00,2,50,0.61,2,0,1,23.4,SYNTHETIC DEMO LOG FOR DEVELOPMENT/TESTING ONLY
TRUE,DEMO-00944,C-01,Centre A - Burdwan Mandi,28.2,Wheat,680.0,16:00 - 18:00,3,80,0.49,3,0,1,5.0,SYNTHETIC DEMO LOG FOR DEVELOPMENT/TESTING ONLY
TRUE,DEMO-00945,C-05,Centre E - Kalyani Storage & Hub,30.0,Maize,2500.0,16:00 - 18:00,2,50,0.89,10,0,1,68.0,SYNTHETIC DEMO LOG FOR DEVELOPMENT/TESTING ONLY
TRUE,DEMO-00946,C-01,Centre A - Burdwan Mandi,16.4,Potato,2590.0,16:00 - 18:00,3,80,0.76,1,0,1,13.1,SYNTHETIC DEMO LOG FOR DEVELOPMENT/TESTING ONLY
TRUE,DEMO-00947,C-05,Centre E - Kalyani Storage & Hub,6.0,Wheat,2020.0,10:00 - 12:00,2,50,0.58,9,0,1,45.6,SYNTHETIC DEMO LOG FOR DEVELOPMENT/TESTING ONLY
TRUE,DEMO-00948,C-05,Centre E - Kalyani Storage & Hub,12.4,Maize,2750.0,12:00 - 14:00,2,50,0.75,7,0,1,43.8,SYNTHETIC DEMO LOG FOR DEVELOPMENT/TESTING ONLY
TRUE,DEMO-00949,C-01,Centre A - Burdwan Mandi,13.2,Potato,1870.0,12:00 - 14:00,3,80,0.25,6,0,1,29.2,SYNTHETIC DEMO LOG FOR DEVELOPMENT/TESTING ONLY
TRUE,DEMO-00950,C-05,Centre E - Kalyani Storage & Hub,16.6,Potato,980.0,14:00 - 16:00,2,50,0.77,4,0,1,19.5,SYNTHETIC DEMO LOG FOR DEVELOPMENT/TESTING ONLY
TRUE,DEMO-00951,C-06,Centre F - Guskara Sub-Mandi,12.1,Maize,1190.0,16:00 - 18:00,2,40,0.7,4,1,0,43.8,SYNTHETIC DEMO LOG FOR DEVELOPMENT/TESTING ONLY
TRUE,DEMO-00952,C-04,Centre D - Ranaghat Krishak Mandi,6.5,Maize,1900.0,10:00 - 12:00,3,90,0.31,9,0,0,33.8,SYNTHETIC DEMO LOG FOR DEVELOPMENT/TESTING ONLY
TRUE,DEMO-00953,C-04,Centre D - Ranaghat Krishak Mandi,32.6,Potato,2930.0,10:00 - 12:00,3,90,0.22,2,0,0,28.1,SYNTHETIC DEMO LOG FOR DEVELOPMENT/TESTING ONLY
TRUE,DEMO-00954,C-04,Centre D - Ranaghat Krishak Mandi,31.1,Potato,1530.0,12:00 - 14:00,3,90,0.61,6,0,0,22.7,SYNTHETIC DEMO LOG FOR DEVELOPMENT/TESTING ONLY
TRUE,DEMO-00955,C-03,Centre C - Memari Procurement Depot,29.4,Maize,3490.0,14:00 - 16:00,2,60,0.72,6,0,1,48.6,SYNTHETIC DEMO LOG FOR DEVELOPMENT/TESTING ONLY
TRUE,DEMO-00956,C-02,Centre B - Singur Agro Hub,7.5,Paddy,2550.0,16:00 - 18:00,4,100,0.26,3,0,1,15.4,SYNTHETIC DEMO LOG FOR DEVELOPMENT/TESTING ONLY
TRUE,DEMO-00957,C-05,Centre E - Kalyani Storage & Hub,21.6,Potato,310.0,10:00 - 12:00,2,50,0.28,7,0,1,27.9,SYNTHETIC DEMO LOG FOR DEVELOPMENT/TESTING ONLY
TRUE,DEMO-00958,C-04,Centre D - Ranaghat Krishak Mandi,17.9,Potato,1160.0,08:00 - 10:00,3,90,0.58,2,0,0,12.2,SYNTHETIC DEMO LOG FOR DEVELOPMENT/TESTING ONLY
TRUE,DEMO-00959,C-03,Centre C - Memari Procurement Depot,14.6,Wheat,290.0,12:00 - 14:00,2,60,0.27,6,0,0,17.1,SYNTHETIC DEMO LOG FOR DEVELOPMENT/TESTING ONLY
TRUE,DEMO-00960,C-03,Centre C - Memari Procurement Depot,9.9,Wheat,2640.0,10:00 - 12:00,2,60,0.15,7,0,0,48.9,SYNTHETIC DEMO LOG FOR DEVELOPMENT/TESTING ONLY
TRUE,DEMO-00961,C-01,Centre A - Burdwan Mandi,22.7,Potato,1220.0,14:00 - 16:00,3,80,0.53,2,0,1,8.5,SYNTHETIC DEMO LOG FOR DEVELOPMENT/TESTING ONLY
TRUE,DEMO-00962,C-05,Centre E - Kalyani Storage & Hub,23.7,Paddy,1720.0,10:00 - 12:00,2,50,0.52,6,0,1,36.7,SYNTHETIC DEMO LOG FOR DEVELOPMENT/TESTING ONLY
TRUE,DEMO-00963,C-06,Centre F - Guskara Sub-Mandi,36.4,Wheat,2390.0,08:00 - 10:00,2,40,0.49,2,1,0,46.7,SYNTHETIC DEMO LOG FOR DEVELOPMENT/TESTING ONLY
TRUE,DEMO-00964,C-06,Centre F - Guskara Sub-Mandi,29.8,Mustard,3060.0,12:00 - 14:00,2,40,0.74,5,1,1,68.9,SYNTHETIC DEMO LOG FOR DEVELOPMENT/TESTING ONLY
TRUE,DEMO-00965,C-06,Centre F - Guskara Sub-Mandi,29.7,Wheat,2320.0,16:00 - 18:00,2,40,0.22,4,1,0,51.2,SYNTHETIC DEMO LOG FOR DEVELOPMENT/TESTING ONLY
TRUE,DEMO-00966,C-05,Centre E - Kalyani Storage & Hub,34.3,Maize,1860.0,10:00 - 12:00,2,50,0.17,8,0,1,39.3,SYNTHETIC DEMO LOG FOR DEVELOPMENT/TESTING ONLY
TRUE,DEMO-00967,C-05,Centre E - Kalyani Storage & Hub,13.8,Paddy,880.0,08:00 - 10:00,2,50,0.84,7,0,1,29.4,SYNTHETIC DEMO LOG FOR DEVELOPMENT/TESTING ONLY
TRUE,DEMO-00968,C-05,Centre E - Kalyani Storage & Hub,19.3,Maize,350.0,12:00 - 14:00,2,50,0.87,8,0,1,44.8,SYNTHETIC DEMO LOG FOR DEVELOPMENT/TESTING ONLY
TRUE,DEMO-00969,C-02,Centre B - Singur Agro Hub,39.0,Mustard,1250.0,08:00 - 10:00,4,100,0.36,1,0,1,9.7,SYNTHETIC DEMO LOG FOR DEVELOPMENT/TESTING ONLY
TRUE,DEMO-00970,C-02,Centre B - Singur Agro Hub,35.0,Paddy,710.0,12:00 - 14:00,4,100,0.94,9,1,1,55.5,SYNTHETIC DEMO LOG FOR DEVELOPMENT/TESTING ONLY
TRUE,DEMO-00971,C-05,Centre E - Kalyani Storage & Hub,3.2,Wheat,390.0,10:00 - 12:00,2,50,0.47,4,0,1,14.4,SYNTHETIC DEMO LOG FOR DEVELOPMENT/TESTING ONLY
TRUE,DEMO-00972,C-04,Centre D - Ranaghat Krishak Mandi,10.7,Potato,2680.0,08:00 - 10:00,3,90,0.64,4,0,0,29.7,SYNTHETIC DEMO LOG FOR DEVELOPMENT/TESTING ONLY
TRUE,DEMO-00973,C-05,Centre E - Kalyani Storage & Hub,13.6,Mustard,1250.0,08:00 - 10:00,2,50,0.61,1,0,1,16.2,SYNTHETIC DEMO LOG FOR DEVELOPMENT/TESTING ONLY
TRUE,DEMO-00974,C-01,Centre A - Burdwan Mandi,43.4,Wheat,2430.0,16:00 - 18:00,3,80,0.35,2,0,1,21.2,SYNTHETIC DEMO LOG FOR DEVELOPMENT/TESTING ONLY
TRUE,DEMO-00975,C-02,Centre B - Singur Agro Hub,19.5,Wheat,480.0,16:00 - 18:00,4,100,0.68,1,0,0,7.1,SYNTHETIC DEMO LOG FOR DEVELOPMENT/TESTING ONLY
TRUE,DEMO-00976,C-02,Centre B - Singur Agro Hub,43.0,Paddy,3370.0,16:00 - 18:00,4,100,0.61,0,0,1,16.9,SYNTHETIC DEMO LOG FOR DEVELOPMENT/TESTING ONLY
TRUE,DEMO-00977,C-04,Centre D - Ranaghat Krishak Mandi,30.1,Maize,750.0,12:00 - 14:00,3,90,0.2,7,0,0,21.3,SYNTHETIC DEMO LOG FOR DEVELOPMENT/TESTING ONLY
TRUE,DEMO-00978,C-06,Centre F - Guskara Sub-Mandi,38.2,Mustard,900.0,12:00 - 14:00,2,40,0.85,2,1,1,37.8,SYNTHETIC DEMO LOG FOR DEVELOPMENT/TESTING ONLY
TRUE,DEMO-00979,C-02,Centre B - Singur Agro Hub,5.0,Maize,500.0,16:00 - 18:00,4,100,0.73,4,0,0,7.9,SYNTHETIC DEMO LOG FOR DEVELOPMENT/TESTING ONLY
TRUE,DEMO-00980,C-04,Centre D - Ranaghat Krishak Mandi,23.7,Paddy,2850.0,16:00 - 18:00,3,90,0.88,13,0,1,54.7,SYNTHETIC DEMO LOG FOR DEVELOPMENT/TESTING ONLY
TRUE,DEMO-00981,C-03,Centre C - Memari Procurement Depot,12.6,Mustard,3440.0,12:00 - 14:00,2,60,0.43,4,0,0,41.1,SYNTHETIC DEMO LOG FOR DEVELOPMENT/TESTING ONLY
TRUE,DEMO-00982,C-06,Centre F - Guskara Sub-Mandi,28.2,Paddy,210.0,08:00 - 10:00,2,40,0.16,2,1,1,28.7,SYNTHETIC DEMO LOG FOR DEVELOPMENT/TESTING ONLY
TRUE,DEMO-00983,C-05,Centre E - Kalyani Storage & Hub,25.1,Mustard,2800.0,14:00 - 16:00,2,50,0.69,1,0,1,28.1,SYNTHETIC DEMO LOG FOR DEVELOPMENT/TESTING ONLY
TRUE,DEMO-00984,C-06,Centre F - Guskara Sub-Mandi,17.2,Mustard,2880.0,08:00 - 10:00,2,40,0.84,3,1,1,59.0,SYNTHETIC DEMO LOG FOR DEVELOPMENT/TESTING ONLY
TRUE,DEMO-00985,C-02,Centre B - Singur Agro Hub,21.9,Potato,3290.0,08:00 - 10:00,4,100,0.52,2,0,1,23.0,SYNTHETIC DEMO LOG FOR DEVELOPMENT/TESTING ONLY
TRUE,DEMO-00986,C-06,Centre F - Guskara Sub-Mandi,5.9,Wheat,2220.0,10:00 - 12:00,2,40,0.4,9,1,0,72.9,SYNTHETIC DEMO LOG FOR DEVELOPMENT/TESTING ONLY
TRUE,DEMO-00987,C-02,Centre B - Singur Agro Hub,3.6,Mustard,1830.0,12:00 - 14:00,4,100,0.73,5,0,1,26.9,SYNTHETIC DEMO LOG FOR DEVELOPMENT/TESTING ONLY
TRUE,DEMO-00988,C-06,Centre F - Guskara Sub-Mandi,39.4,Mustard,2080.0,08:00 - 10:00,2,40,0.56,5,1,1,57.6,SYNTHETIC DEMO LOG FOR DEVELOPMENT/TESTING ONLY
TRUE,DEMO-00989,C-06,Centre F - Guskara Sub-Mandi,26.3,Maize,420.0,16:00 - 18:00,2,40,0.26,0,1,0,23.8,SYNTHETIC DEMO LOG FOR DEVELOPMENT/TESTING ONLY
TRUE,DEMO-00990,C-02,Centre B - Singur Agro Hub,10.2,Maize,2440.0,12:00 - 14:00,4,100,0.97,13,1,0,74.3,SYNTHETIC DEMO LOG FOR DEVELOPMENT/TESTING ONLY
TRUE,DEMO-00991,C-05,Centre E - Kalyani Storage & Hub,40.0,Wheat,210.0,16:00 - 18:00,2,50,0.5,3,0,1,8.5,SYNTHETIC DEMO LOG FOR DEVELOPMENT/TESTING ONLY
TRUE,DEMO-00992,C-03,Centre C - Memari Procurement Depot,13.8,Mustard,2440.0,14:00 - 16:00,2,60,0.54,2,0,0,21.8,SYNTHETIC DEMO LOG FOR DEVELOPMENT/TESTING ONLY
TRUE,DEMO-00993,C-01,Centre A - Burdwan Mandi,14.0,Paddy,1590.0,08:00 - 10:00,3,80,0.52,1,0,1,13.1,SYNTHETIC DEMO LOG FOR DEVELOPMENT/TESTING ONLY
TRUE,DEMO-00994,C-05,Centre E - Kalyani Storage & Hub,44.1,Potato,1600.0,10:00 - 12:00,2,50,0.21,4,0,1,26.0,SYNTHETIC DEMO LOG FOR DEVELOPMENT/TESTING ONLY
TRUE,DEMO-00995,C-02,Centre B - Singur Agro Hub,4.7,Wheat,2260.0,12:00 - 14:00,4,100,0.17,4,0,0,24.1,SYNTHETIC DEMO LOG FOR DEVELOPMENT/TESTING ONLY
TRUE,DEMO-00996,C-03,Centre C - Memari Procurement Depot,6.6,Wheat,990.0,10:00 - 12:00,2,60,0.43,2,0,0,15.7,SYNTHETIC DEMO LOG FOR DEVELOPMENT/TESTING ONLY
TRUE,DEMO-00997,C-03,Centre C - Memari Procurement Depot,42.6,Maize,2760.0,10:00 - 12:00,2,60,0.66,9,0,1,50.8,SYNTHETIC DEMO LOG FOR DEVELOPMENT/TESTING ONLY
TRUE,DEMO-00998,C-01,Centre A - Burdwan Mandi,18.2,Potato,3140.0,08:00 - 10:00,3,80,0.73,7,0,1,33.9,SYNTHETIC DEMO LOG FOR DEVELOPMENT/TESTING ONLY
TRUE,DEMO-00999,C-01,Centre A - Burdwan Mandi,15.0,Mustard,2270.0,08:00 - 10:00,3,80,0.2,6,0,1,26.4,SYNTHETIC DEMO LOG FOR DEVELOPMENT/TESTING ONLY
TRUE,DEMO-01000,C-04,Centre D - Ranaghat Krishak Mandi,28.5,Mustard,1560.0,08:00 - 10:00,3,90,0.87,15,0,1,60.2,SYNTHETIC DEMO LOG FOR DEVELOPMENT/TESTING ONLY
TRUE,DEMO-01001,C-01,Centre A - Burdwan Mandi,22.0,Mustard,1610.0,14:00 - 16:00,3,80,0.66,1,0,1,10.2,SYNTHETIC DEMO LOG FOR DEVELOPMENT/TESTING ONLY
TRUE,DEMO-01002,C-01,Centre A - Burdwan Mandi,16.1,Mustard,840.0,16:00 - 18:00,3,80,0.24,3,0,1,8.8,SYNTHETIC DEMO LOG FOR DEVELOPMENT/TESTING ONLY
TRUE,DEMO-01003,C-01,Centre A - Burdwan Mandi,40.9,Maize,620.0,10:00 - 12:00,3,80,0.57,5,0,1,11.5,SYNTHETIC DEMO LOG FOR DEVELOPMENT/TESTING ONLY
TRUE,DEMO-01004,C-02,Centre B - Singur Agro Hub,36.3,Paddy,400.0,10:00 - 12:00,4,100,0.41,6,0,1,13.1,SYNTHETIC DEMO LOG FOR DEVELOPMENT/TESTING ONLY
TRUE,DEMO-01005,C-06,Centre F - Guskara Sub-Mandi,27.1,Wheat,1990.0,12:00 - 14:00,2,40,0.27,4,1,0,50.9,SYNTHETIC DEMO LOG FOR DEVELOPMENT/TESTING ONLY
TRUE,DEMO-01006,C-01,Centre A - Burdwan Mandi,30.3,Maize,680.0,16:00 - 18:00,3,80,0.35,4,0,1,12.2,SYNTHETIC DEMO LOG FOR DEVELOPMENT/TESTING ONLY
TRUE,DEMO-01007,C-05,Centre E - Kalyani Storage & Hub,16.8,Potato,3420.0,14:00 - 16:00,2,50,0.68,1,0,1,28.5,SYNTHETIC DEMO LOG FOR DEVELOPMENT/TESTING ONLY
TRUE,DEMO-01008,C-04,Centre D - Ranaghat Krishak Mandi,31.8,Mustard,3010.0,16:00 - 18:00,3,90,0.62,2,0,1,26.8,SYNTHETIC DEMO LOG FOR DEVELOPMENT/TESTING ONLY
TRUE,DEMO-01009,C-03,Centre C - Memari Procurement Depot,9.0,Mustard,1700.0,12:00 - 14:00,2,60,0.81,1,0,0,17.1,SYNTHETIC DEMO LOG FOR DEVELOPMENT/TESTING ONLY
TRUE,DEMO-01010,C-02,Centre B - Singur Agro Hub,28.8,Paddy,990.0,14:00 - 16:00,4,100,0.76,6,0,1,15.9,SYNTHETIC DEMO LOG FOR DEVELOPMENT/TESTING ONLY
TRUE,DEMO-01011,C-03,Centre C - Memari Procurement Depot,19.2,Mustard,2930.0,10:00 - 12:00,2,60,0.16,1,0,0,24.5,SYNTHETIC DEMO LOG FOR DEVELOPMENT/TESTING ONLY
TRUE,DEMO-01012,C-02,Centre B - Singur Agro Hub,10.4,Wheat,2130.0,14:00 - 16:00,4,100,0.79,1,0,0,15.8,SYNTHETIC DEMO LOG FOR DEVELOPMENT/TESTING ONLY
TRUE,DEMO-01013,C-01,Centre A - Burdwan Mandi,14.2,Paddy,920.0,10:00 - 12:00,3,80,0.37,3,0,1,14.3,SYNTHETIC DEMO LOG FOR DEVELOPMENT/TESTING ONLY
TRUE,DEMO-01014,C-02,Centre B - Singur Agro Hub,38.2,Potato,3210.0,10:00 - 12:00,4,100,0.17,8,0,1,28.8,SYNTHETIC DEMO LOG FOR DEVELOPMENT/TESTING ONLY
TRUE,DEMO-01015,C-04,Centre D - Ranaghat Krishak Mandi,42.3,Potato,1210.0,12:00 - 14:00,3,90,0.35,6,0,0,18.8,SYNTHETIC DEMO LOG FOR DEVELOPMENT/TESTING ONLY
TRUE,DEMO-01016,C-05,Centre E - Kalyani Storage & Hub,7.1,Mustard,3110.0,08:00 - 10:00,2,50,0.26,2,0,1,22.1,SYNTHETIC DEMO LOG FOR DEVELOPMENT/TESTING ONLY
TRUE,DEMO-01017,C-05,Centre E - Kalyani Storage & Hub,15.7,Mustard,1620.0,12:00 - 14:00,2,50,0.68,7,0,1,35.8,SYNTHETIC DEMO LOG FOR DEVELOPMENT/TESTING ONLY
TRUE,DEMO-01018,C-05,Centre E - Kalyani Storage & Hub,16.1,Wheat,380.0,10:00 - 12:00,2,50,0.81,10,0,1,33.6,SYNTHETIC DEMO LOG FOR DEVELOPMENT/TESTING ONLY
TRUE,DEMO-01019,C-05,Centre E - Kalyani Storage & Hub,11.0,Maize,470.0,14:00 - 16:00,2,50,0.54,4,0,1,20.5,SYNTHETIC DEMO LOG FOR DEVELOPMENT/TESTING ONLY
TRUE,DEMO-01020,C-06,Centre F - Guskara Sub-Mandi,23.4,Maize,1730.0,12:00 - 14:00,2,40,0.42,3,1,0,48.4,SYNTHETIC DEMO LOG FOR DEVELOPMENT/TESTING ONLY
TRUE,DEMO-01021,C-06,Centre F - Guskara Sub-Mandi,22.4,Mustard,2120.0,14:00 - 16:00,2,40,0.68,5,1,1,56.4,SYNTHETIC DEMO LOG FOR DEVELOPMENT/TESTING ONLY
TRUE,DEMO-01022,C-02,Centre B - Singur Agro Hub,19.0,Mustard,1210.0,10:00 - 12:00,4,100,0.89,17,0,1,49.4,SYNTHETIC DEMO LOG FOR DEVELOPMENT/TESTING ONLY
TRUE,DEMO-01023,C-03,Centre C - Memari Procurement Depot,5.6,Wheat,2680.0,16:00 - 18:00,2,60,0.39,2,0,0,28.5,SYNTHETIC DEMO LOG FOR DEVELOPMENT/TESTING ONLY
TRUE,DEMO-01024,C-05,Centre E - Kalyani Storage & Hub,20.3,Maize,1740.0,12:00 - 14:00,2,50,0.49,6,0,1,33.7,SYNTHETIC DEMO LOG FOR DEVELOPMENT/TESTING ONLY
TRUE,DEMO-01025,C-03,Centre C - Memari Procurement Depot,3.1,Wheat,1660.0,14:00 - 16:00,2,60,0.37,1,0,0,18.8,SYNTHETIC DEMO LOG FOR DEVELOPMENT/TESTING ONLY
TRUE,DEMO-01026,C-05,Centre E - Kalyani Storage & Hub,29.7,Maize,2790.0,16:00 - 18:00,2,50,0.92,5,1,1,70.0,SYNTHETIC DEMO LOG FOR DEVELOPMENT/TESTING ONLY
TRUE,DEMO-01027,C-03,Centre C - Memari Procurement Depot,10.6,Potato,850.0,16:00 - 18:00,2,60,0.42,1,0,1,12.1,SYNTHETIC DEMO LOG FOR DEVELOPMENT/TESTING ONLY
TRUE,DEMO-01028,C-03,Centre C - Memari Procurement Depot,44.9,Paddy,3490.0,16:00 - 18:00,2,60,0.77,3,0,1,34.2,SYNTHETIC DEMO LOG FOR DEVELOPMENT/TESTING ONLY
TRUE,DEMO-01029,C-03,Centre C - Memari Procurement Depot,14.1,Potato,1340.0,12:00 - 14:00,2,60,0.98,17,1,1,101.4,SYNTHETIC DEMO LOG FOR DEVELOPMENT/TESTING ONLY
TRUE,DEMO-01030,C-04,Centre D - Ranaghat Krishak Mandi,39.2,Maize,950.0,10:00 - 12:00,3,90,0.75,3,0,0,11.6,SYNTHETIC DEMO LOG FOR DEVELOPMENT/TESTING ONLY
TRUE,DEMO-01031,C-02,Centre B - Singur Agro Hub,35.8,Maize,2700.0,16:00 - 18:00,4,100,0.75,2,0,0,18.2,SYNTHETIC DEMO LOG FOR DEVELOPMENT/TESTING ONLY
TRUE,DEMO-01032,C-02,Centre B - Singur Agro Hub,11.0,Mustard,1680.0,14:00 - 16:00,4,100,0.61,2,0,1,9.7,SYNTHETIC DEMO LOG FOR DEVELOPMENT/TESTING ONLY
TRUE,DEMO-01033,C-05,Centre E - Kalyani Storage & Hub,42.6,Paddy,230.0,12:00 - 14:00,2,50,0.82,6,0,1,20.9,SYNTHETIC DEMO LOG FOR DEVELOPMENT/TESTING ONLY
TRUE,DEMO-01034,C-06,Centre F - Guskara Sub-Mandi,14.9,Mustard,2140.0,16:00 - 18:00,2,40,0.62,0,1,1,43.0,SYNTHETIC DEMO LOG FOR DEVELOPMENT/TESTING ONLY
TRUE,DEMO-01035,C-02,Centre B - Singur Agro Hub,26.4,Paddy,2840.0,12:00 - 14:00,4,100,0.91,12,1,1,72.8,SYNTHETIC DEMO LOG FOR DEVELOPMENT/TESTING ONLY
TRUE,DEMO-01036,C-04,Centre D - Ranaghat Krishak Mandi,18.6,Potato,1770.0,16:00 - 18:00,3,90,0.42,4,0,0,21.6,SYNTHETIC DEMO LOG FOR DEVELOPMENT/TESTING ONLY
TRUE,DEMO-01037,C-06,Centre F - Guskara Sub-Mandi,9.4,Wheat,2430.0,08:00 - 10:00,2,40,0.3,7,1,0,67.0,SYNTHETIC DEMO LOG FOR DEVELOPMENT/TESTING ONLY
TRUE,DEMO-01038,C-02,Centre B - Singur Agro Hub,14.2,Potato,970.0,14:00 - 16:00,4,100,0.7,1,0,1,6.4,SYNTHETIC DEMO LOG FOR DEVELOPMENT/TESTING ONLY
TRUE,DEMO-01039,C-01,Centre A - Burdwan Mandi,2.5,Wheat,1280.0,16:00 - 18:00,3,80,0.91,6,1,1,59.5,SYNTHETIC DEMO LOG FOR DEVELOPMENT/TESTING ONLY
TRUE,DEMO-01040,C-06,Centre F - Guskara Sub-Mandi,43.1,Potato,3060.0,14:00 - 16:00,2,40,0.26,1,1,0,54.8,SYNTHETIC DEMO LOG FOR DEVELOPMENT/TESTING ONLY
TRUE,DEMO-01041,C-04,Centre D - Ranaghat Krishak Mandi,28.0,Mustard,3300.0,10:00 - 12:00,3,90,0.64,6,0,1,36.5,SYNTHETIC DEMO LOG FOR DEVELOPMENT/TESTING ONLY
TRUE,DEMO-01042,C-01,Centre A - Burdwan Mandi,4.8,Paddy,1520.0,14:00 - 16:00,3,80,0.82,3,0,1,14.7,SYNTHETIC DEMO LOG FOR DEVELOPMENT/TESTING ONLY
TRUE,DEMO-01043,C-05,Centre E - Kalyani Storage & Hub,21.9,Mustard,330.0,14:00 - 16:00,2,50,0.23,4,0,1,18.7,SYNTHETIC DEMO LOG FOR DEVELOPMENT/TESTING ONLY
TRUE,DEMO-01044,C-06,Centre F - Guskara Sub-Mandi,28.4,Wheat,2870.0,14:00 - 16:00,2,40,0.3,2,1,0,52.9,SYNTHETIC DEMO LOG FOR DEVELOPMENT/TESTING ONLY
TRUE,DEMO-01045,C-05,Centre E - Kalyani Storage & Hub,18.5,Mustard,2370.0,14:00 - 16:00,2,50,0.73,1,0,1,19.3,SYNTHETIC DEMO LOG FOR DEVELOPMENT/TESTING ONLY
TRUE,DEMO-01046,C-02,Centre B - Singur Agro Hub,14.6,Wheat,3220.0,16:00 - 18:00,4,100,0.73,3,0,0,21.1,SYNTHETIC DEMO LOG FOR DEVELOPMENT/TESTING ONLY
TRUE,DEMO-01047,C-02,Centre B - Singur Agro Hub,44.7,Mustard,2020.0,14:00 - 16:00,4,100,0.98,5,1,1,49.0,SYNTHETIC DEMO LOG FOR DEVELOPMENT/TESTING ONLY
TRUE,DEMO-01048,C-04,Centre D - Ranaghat Krishak Mandi,12.9,Mustard,1870.0,10:00 - 12:00,3,90,0.53,2,0,1,17.8,SYNTHETIC DEMO LOG FOR DEVELOPMENT/TESTING ONLY
TRUE,DEMO-01049,C-06,Centre F - Guskara Sub-Mandi,16.8,Mustard,1520.0,14:00 - 16:00,2,40,0.31,1,1,1,37.9,SYNTHETIC DEMO LOG FOR DEVELOPMENT/TESTING ONLY
TRUE,DEMO-01050,C-02,Centre B - Singur Agro Hub,22.8,Wheat,430.0,14:00 - 16:00,4,100,0.61,2,0,0,10.5,SYNTHETIC DEMO LOG FOR DEVELOPMENT/TESTING ONLY
TRUE,DEMO-01051,C-04,Centre D - Ranaghat Krishak Mandi,37.3,Paddy,2980.0,14:00 - 16:00,3,90,0.29,0,0,1,23.2,SYNTHETIC DEMO LOG FOR DEVELOPMENT/TESTING ONLY
TRUE,DEMO-01052,C-05,Centre E - Kalyani Storage & Hub,5.3,Mustard,2720.0,10:00 - 12:00,2,50,0.71,3,0,1,30.5,SYNTHETIC DEMO LOG FOR DEVELOPMENT/TESTING ONLY
TRUE,DEMO-01053,C-03,Centre C - Memari Procurement Depot,32.7,Paddy,3150.0,10:00 - 12:00,2,60,0.59,6,0,1,50.3,SYNTHETIC DEMO LOG FOR DEVELOPMENT/TESTING ONLY
TRUE,DEMO-01054,C-05,Centre E - Kalyani Storage & Hub,31.7,Potato,1670.0,14:00 - 16:00,2,50,0.65,1,0,1,16.1,SYNTHETIC DEMO LOG FOR DEVELOPMENT/TESTING ONLY
TRUE,DEMO-01055,C-04,Centre D - Ranaghat Krishak Mandi,18.1,Paddy,990.0,10:00 - 12:00,3,90,0.23,5,0,1,21.4,SYNTHETIC DEMO LOG FOR DEVELOPMENT/TESTING ONLY
TRUE,DEMO-01056,C-02,Centre B - Singur Agro Hub,43.2,Potato,520.0,10:00 - 12:00,4,100,0.84,8,0,1,16.5,SYNTHETIC DEMO LOG FOR DEVELOPMENT/TESTING ONLY
TRUE,DEMO-01057,C-06,Centre F - Guskara Sub-Mandi,19.9,Paddy,560.0,08:00 - 10:00,2,40,0.42,5,1,1,43.6,SYNTHETIC DEMO LOG FOR DEVELOPMENT/TESTING ONLY
TRUE,DEMO-01058,C-05,Centre E - Kalyani Storage & Hub,7.2,Mustard,910.0,14:00 - 16:00,2,50,0.45,1,0,1,11.6,SYNTHETIC DEMO LOG FOR DEVELOPMENT/TESTING ONLY
TRUE,DEMO-01059,C-04,Centre D - Ranaghat Krishak Mandi,18.7,Wheat,1710.0,08:00 - 10:00,3,90,0.2,7,0,1,26.8,SYNTHETIC DEMO LOG FOR DEVELOPMENT/TESTING ONLY
TRUE,DEMO-01060,C-01,Centre A - Burdwan Mandi,15.0,Paddy,2180.0,14:00 - 16:00,3,80,0.97,9,1,1,67.8,SYNTHETIC DEMO LOG FOR DEVELOPMENT/TESTING ONLY
TRUE,DEMO-01061,C-05,Centre E - Kalyani Storage & Hub,43.2,Paddy,2180.0,12:00 - 14:00,2,50,0.96,14,1,1,103.4,SYNTHETIC DEMO LOG FOR DEVELOPMENT/TESTING ONLY
TRUE,DEMO-01062,C-02,Centre B - Singur Agro Hub,29.3,Wheat,3120.0,10:00 - 12:00,4,100,0.41,10,0,0,31.4,SYNTHETIC DEMO LOG FOR DEVELOPMENT/TESTING ONLY
TRUE,DEMO-01063,C-04,Centre D - Ranaghat Krishak Mandi,2.8,Potato,3210.0,12:00 - 14:00,3,90,0.52,4,0,0,31.9,SYNTHETIC DEMO LOG FOR DEVELOPMENT/TESTING ONLY
TRUE,DEMO-01064,C-06,Centre F - Guskara Sub-Mandi,2.9,Potato,2700.0,10:00 - 12:00,2,40,0.25,3,1,0,52.6,SYNTHETIC DEMO LOG FOR DEVELOPMENT/TESTING ONLY
TRUE,DEMO-01065,C-04,Centre D - Ranaghat Krishak Mandi,5.4,Paddy,650.0,16:00 - 18:00,3,90,0.56,1,0,1,5.0,SYNTHETIC DEMO LOG FOR DEVELOPMENT/TESTING ONLY
TRUE,DEMO-01066,C-02,Centre B - Singur Agro Hub,33.8,Maize,1280.0,14:00 - 16:00,4,100,0.38,4,0,0,16.7,SYNTHETIC DEMO LOG FOR DEVELOPMENT/TESTING ONLY
TRUE,DEMO-01067,C-01,Centre A - Burdwan Mandi,29.9,Maize,1150.0,14:00 - 16:00,3,80,0.17,5,0,1,18.0,SYNTHETIC DEMO LOG FOR DEVELOPMENT/TESTING ONLY
TRUE,DEMO-01068,C-05,Centre E - Kalyani Storage & Hub,36.5,Potato,2500.0,10:00 - 12:00,2,50,0.33,10,0,1,53.9,SYNTHETIC DEMO LOG FOR DEVELOPMENT/TESTING ONLY
TRUE,DEMO-01069,C-05,Centre E - Kalyani Storage & Hub,21.0,Wheat,220.0,10:00 - 12:00,2,50,0.87,7,0,1,49.8,SYNTHETIC DEMO LOG FOR DEVELOPMENT/TESTING ONLY
TRUE,DEMO-01070,C-02,Centre B - Singur Agro Hub,9.5,Paddy,2010.0,08:00 - 10:00,4,100,0.81,2,0,1,17.0,SYNTHETIC DEMO LOG FOR DEVELOPMENT/TESTING ONLY
TRUE,DEMO-01071,C-05,Centre E - Kalyani Storage & Hub,33.2,Potato,1230.0,14:00 - 16:00,2,50,0.75,2,0,1,16.4,SYNTHETIC DEMO LOG FOR DEVELOPMENT/TESTING ONLY
TRUE,DEMO-01072,C-03,Centre C - Memari Procurement Depot,43.6,Maize,860.0,14:00 - 16:00,2,60,0.87,9,0,1,55.4,SYNTHETIC DEMO LOG FOR DEVELOPMENT/TESTING ONLY
TRUE,DEMO-01073,C-04,Centre D - Ranaghat Krishak Mandi,22.2,Mustard,1590.0,10:00 - 12:00,3,90,0.66,6,0,1,29.4,SYNTHETIC DEMO LOG FOR DEVELOPMENT/TESTING ONLY
TRUE,DEMO-01074,C-04,Centre D - Ranaghat Krishak Mandi,20.4,Potato,470.0,14:00 - 16:00,3,90,0.9,10,0,0,47.8,SYNTHETIC DEMO LOG FOR DEVELOPMENT/TESTING ONLY
TRUE,DEMO-01075,C-02,Centre B - Singur Agro Hub,13.1,Maize,1730.0,10:00 - 12:00,4,100,0.53,5,0,0,16.8,SYNTHETIC DEMO LOG FOR DEVELOPMENT/TESTING ONLY
TRUE,DEMO-01076,C-02,Centre B - Singur Agro Hub,8.7,Mustard,830.0,10:00 - 12:00,4,100,0.16,6,0,1,14.1,SYNTHETIC DEMO LOG FOR DEVELOPMENT/TESTING ONLY
TRUE,DEMO-01077,C-06,Centre F - Guskara Sub-Mandi,19.4,Wheat,1570.0,14:00 - 16:00,2,40,0.48,4,1,0,47.0,SYNTHETIC DEMO LOG FOR DEVELOPMENT/TESTING ONLY
TRUE,DEMO-01078,C-05,Centre E - Kalyani Storage & Hub,40.1,Potato,3480.0,14:00 - 16:00,2,50,0.25,6,0,1,46.4,SYNTHETIC DEMO LOG FOR DEVELOPMENT/TESTING ONLY
TRUE,DEMO-01079,C-02,Centre B - Singur Agro Hub,43.2,Paddy,2750.0,14:00 - 16:00,4,100,0.77,2,0,1,16.7,SYNTHETIC DEMO LOG FOR DEVELOPMENT/TESTING ONLY
TRUE,DEMO-01080,C-03,Centre C - Memari Procurement Depot,41.8,Potato,2630.0,14:00 - 16:00,2,60,0.35,0,0,1,16.9,SYNTHETIC DEMO LOG FOR DEVELOPMENT/TESTING ONLY
TRUE,DEMO-01081,C-03,Centre C - Memari Procurement Depot,13.2,Potato,1700.0,10:00 - 12:00,2,60,0.72,4,0,1,21.7,SYNTHETIC DEMO LOG FOR DEVELOPMENT/TESTING ONLY
TRUE,DEMO-01082,C-02,Centre B - Singur Agro Hub,35.2,Potato,2330.0,08:00 - 10:00,4,100,0.91,12,1,1,63.7,SYNTHETIC DEMO LOG FOR DEVELOPMENT/TESTING ONLY
TRUE,DEMO-01083,C-01,Centre A - Burdwan Mandi,39.7,Maize,750.0,10:00 - 12:00,3,80,0.5,8,0,1,19.8,SYNTHETIC DEMO LOG FOR DEVELOPMENT/TESTING ONLY
TRUE,DEMO-01084,C-04,Centre D - Ranaghat Krishak Mandi,33.6,Maize,2680.0,12:00 - 14:00,3,90,0.92,11,1,0,79.7,SYNTHETIC DEMO LOG FOR DEVELOPMENT/TESTING ONLY
TRUE,DEMO-01085,C-06,Centre F - Guskara Sub-Mandi,37.0,Maize,1090.0,12:00 - 14:00,2,40,0.32,6,1,0,51.2,SYNTHETIC DEMO LOG FOR DEVELOPMENT/TESTING ONLY
TRUE,DEMO-01086,C-02,Centre B - Singur Agro Hub,6.2,Mustard,2750.0,08:00 - 10:00,4,100,0.5,4,0,1,21.0,SYNTHETIC DEMO LOG FOR DEVELOPMENT/TESTING ONLY
TRUE,DEMO-01087,C-03,Centre C - Memari Procurement Depot,9.6,Mustard,820.0,10:00 - 12:00,2,60,0.26,6,0,0,26.1,SYNTHETIC DEMO LOG FOR DEVELOPMENT/TESTING ONLY
TRUE,DEMO-01088,C-05,Centre E - Kalyani Storage & Hub,10.6,Paddy,2670.0,10:00 - 12:00,2,50,0.82,3,0,1,28.6,SYNTHETIC DEMO LOG FOR DEVELOPMENT/TESTING ONLY
TRUE,DEMO-01089,C-04,Centre D - Ranaghat Krishak Mandi,6.7,Mustard,2300.0,16:00 - 18:00,3,90,0.22,0,0,1,17.1,SYNTHETIC DEMO LOG FOR DEVELOPMENT/TESTING ONLY
TRUE,DEMO-01090,C-01,Centre A - Burdwan Mandi,22.5,Maize,2420.0,10:00 - 12:00,3,80,0.23,2,0,1,21.2,SYNTHETIC DEMO LOG FOR DEVELOPMENT/TESTING ONLY
TRUE,DEMO-01091,C-01,Centre A - Burdwan Mandi,6.2,Maize,1920.0,08:00 - 10:00,3,80,0.16,5,0,1,29.2,SYNTHETIC DEMO LOG FOR DEVELOPMENT/TESTING ONLY
TRUE,DEMO-01092,C-04,Centre D - Ranaghat Krishak Mandi,28.0,Mustard,1310.0,12:00 - 14:00,3,90,0.72,3,0,1,15.9,SYNTHETIC DEMO LOG FOR DEVELOPMENT/TESTING ONLY
TRUE,DEMO-01093,C-03,Centre C - Memari Procurement Depot,30.6,Paddy,1450.0,12:00 - 14:00,2,60,0.2,3,0,1,21.4,SYNTHETIC DEMO LOG FOR DEVELOPMENT/TESTING ONLY
TRUE,DEMO-01094,C-04,Centre D - Ranaghat Krishak Mandi,3.1,Mustard,610.0,10:00 - 12:00,3,90,0.59,11,0,1,31.2,SYNTHETIC DEMO LOG FOR DEVELOPMENT/TESTING ONLY
TRUE,DEMO-01095,C-02,Centre B - Singur Agro Hub,28.6,Wheat,2370.0,14:00 - 16:00,4,100,0.54,3,0,0,20.9,SYNTHETIC DEMO LOG FOR DEVELOPMENT/TESTING ONLY
TRUE,DEMO-01096,C-03,Centre C - Memari Procurement Depot,39.6,Potato,3400.0,12:00 - 14:00,2,60,0.76,5,0,1,52.8,SYNTHETIC DEMO LOG FOR DEVELOPMENT/TESTING ONLY
TRUE,DEMO-01097,C-02,Centre B - Singur Agro Hub,19.2,Maize,2220.0,14:00 - 16:00,4,100,0.22,3,0,0,23.1,SYNTHETIC DEMO LOG FOR DEVELOPMENT/TESTING ONLY
TRUE,DEMO-01098,C-06,Centre F - Guskara Sub-Mandi,14.6,Potato,840.0,14:00 - 16:00,2,40,0.27,3,1,0,35.6,SYNTHETIC DEMO LOG FOR DEVELOPMENT/TESTING ONLY
TRUE,DEMO-01099,C-05,Centre E - Kalyani Storage & Hub,7.5,Maize,2830.0,08:00 - 10:00,2,50,0.4,6,0,1,34.4,SYNTHETIC DEMO LOG FOR DEVELOPMENT/TESTING ONLY
TRUE,DEMO-01100,C-02,Centre B - Singur Agro Hub,22.7,Mustard,1980.0,08:00 - 10:00,4,100,0.35,2,0,1,12.0,SYNTHETIC DEMO LOG FOR DEVELOPMENT/TESTING ONLY
TRUE,DEMO-01101,C-06,Centre F - Guskara Sub-Mandi,20.7,Potato,2560.0,08:00 - 10:00,2,40,0.28,8,1,0,76.5,SYNTHETIC DEMO LOG FOR DEVELOPMENT/TESTING ONLY
TRUE,DEMO-01102,C-02,Centre B - Singur Agro Hub,42.9,Wheat,2410.0,14:00 - 16:00,4,100,0.7,5,0,0,18.3,SYNTHETIC DEMO LOG FOR DEVELOPMENT/TESTING ONLY
TRUE,DEMO-01103,C-06,Centre F - Guskara Sub-Mandi,36.2,Mustard,1300.0,08:00 - 10:00,2,40,0.34,5,1,1,50.8,SYNTHETIC DEMO LOG FOR DEVELOPMENT/TESTING ONLY
TRUE,DEMO-01104,C-03,Centre C - Memari Procurement Depot,30.1,Mustard,2790.0,14:00 - 16:00,2,60,0.95,8,1,0,84.8,SYNTHETIC DEMO LOG FOR DEVELOPMENT/TESTING ONLY
TRUE,DEMO-01105,C-02,Centre B - Singur Agro Hub,14.5,Wheat,570.0,08:00 - 10:00,4,100,0.43,5,0,0,14.4,SYNTHETIC DEMO LOG FOR DEVELOPMENT/TESTING ONLY
TRUE,DEMO-01106,C-05,Centre E - Kalyani Storage & Hub,38.7,Wheat,3350.0,10:00 - 12:00,2,50,0.63,1,0,1,32.9,SYNTHETIC DEMO LOG FOR DEVELOPMENT/TESTING ONLY
TRUE,DEMO-01107,C-01,Centre A - Burdwan Mandi,10.2,Maize,1480.0,16:00 - 18:00,3,80,0.5,3,0,1,18.7,SYNTHETIC DEMO LOG FOR DEVELOPMENT/TESTING ONLY
TRUE,DEMO-01108,C-02,Centre B - Singur Agro Hub,27.4,Maize,550.0,16:00 - 18:00,4,100,0.16,4,0,0,5.0,SYNTHETIC DEMO LOG FOR DEVELOPMENT/TESTING ONLY
TRUE,DEMO-01109,C-03,Centre C - Memari Procurement Depot,38.0,Paddy,1850.0,12:00 - 14:00,2,60,0.53,5,0,1,35.0,SYNTHETIC DEMO LOG FOR DEVELOPMENT/TESTING ONLY
TRUE,DEMO-01110,C-06,Centre F - Guskara Sub-Mandi,15.8,Potato,1860.0,16:00 - 18:00,2,40,0.72,1,1,0,44.7,SYNTHETIC DEMO LOG FOR DEVELOPMENT/TESTING ONLY
TRUE,DEMO-01111,C-06,Centre F - Guskara Sub-Mandi,29.1,Maize,910.0,14:00 - 16:00,2,40,0.39,6,1,0,54.7,SYNTHETIC DEMO LOG FOR DEVELOPMENT/TESTING ONLY
TRUE,DEMO-01112,C-02,Centre B - Singur Agro Hub,32.1,Paddy,370.0,10:00 - 12:00,4,100,0.87,10,0,1,36.4,SYNTHETIC DEMO LOG FOR DEVELOPMENT/TESTING ONLY
TRUE,DEMO-01113,C-06,Centre F - Guskara Sub-Mandi,44.3,Mustard,2380.0,12:00 - 14:00,2,40,0.85,7,1,1,64.5,SYNTHETIC DEMO LOG FOR DEVELOPMENT/TESTING ONLY
TRUE,DEMO-01114,C-06,Centre F - Guskara Sub-Mandi,34.6,Mustard,1490.0,12:00 - 14:00,2,40,0.59,2,1,1,40.3,SYNTHETIC DEMO LOG FOR DEVELOPMENT/TESTING ONLY
TRUE,DEMO-01115,C-06,Centre F - Guskara Sub-Mandi,18.9,Paddy,630.0,16:00 - 18:00,2,40,0.77,3,1,1,38.5,SYNTHETIC DEMO LOG FOR DEVELOPMENT/TESTING ONLY
TRUE,DEMO-01116,C-06,Centre F - Guskara Sub-Mandi,30.1,Wheat,2100.0,14:00 - 16:00,2,40,0.52,3,1,0,45.0,SYNTHETIC DEMO LOG FOR DEVELOPMENT/TESTING ONLY
TRUE,DEMO-01117,C-02,Centre B - Singur Agro Hub,36.6,Paddy,850.0,10:00 - 12:00,4,100,0.69,5,0,1,14.0,SYNTHETIC DEMO LOG FOR DEVELOPMENT/TESTING ONLY
TRUE,DEMO-01118,C-02,Centre B - Singur Agro Hub,31.2,Mustard,760.0,14:00 - 16:00,4,100,0.2,2,0,1,6.4,SYNTHETIC DEMO LOG FOR DEVELOPMENT/TESTING ONLY
TRUE,DEMO-01119,C-04,Centre D - Ranaghat Krishak Mandi,7.0,Paddy,1900.0,08:00 - 10:00,3,90,0.43,4,0,1,25.7,SYNTHETIC DEMO LOG FOR DEVELOPMENT/TESTING ONLY
TRUE,DEMO-01120,C-02,Centre B - Singur Agro Hub,12.4,Potato,1810.0,08:00 - 10:00,4,100,0.72,8,0,1,27.3,SYNTHETIC DEMO LOG FOR DEVELOPMENT/TESTING ONLY
TRUE,DEMO-01121,C-06,Centre F - Guskara Sub-Mandi,35.4,Mustard,3050.0,08:00 - 10:00,2,40,0.69,3,1,1,57.8,SYNTHETIC DEMO LOG FOR DEVELOPMENT/TESTING ONLY
TRUE,DEMO-01122,C-01,Centre A - Burdwan Mandi,7.2,Potato,2320.0,08:00 - 10:00,3,80,0.9,10,0,1,51.1,SYNTHETIC DEMO LOG FOR DEVELOPMENT/TESTING ONLY
TRUE,DEMO-01123,C-05,Centre E - Kalyani Storage & Hub,13.8,Maize,2660.0,14:00 - 16:00,2,50,0.81,1,0,1,17.3,SYNTHETIC DEMO LOG FOR DEVELOPMENT/TESTING ONLY
TRUE,DEMO-01124,C-04,Centre D - Ranaghat Krishak Mandi,7.4,Wheat,1270.0,16:00 - 18:00,3,90,0.74,4,0,1,18.8,SYNTHETIC DEMO LOG FOR DEVELOPMENT/TESTING ONLY
TRUE,DEMO-01125,C-05,Centre E - Kalyani Storage & Hub,37.0,Paddy,270.0,14:00 - 16:00,2,50,0.61,3,0,1,13.7,SYNTHETIC DEMO LOG FOR DEVELOPMENT/TESTING ONLY
TRUE,DEMO-01126,C-05,Centre E - Kalyani Storage & Hub,32.7,Maize,2810.0,16:00 - 18:00,2,50,0.25,3,0,1,26.4,SYNTHETIC DEMO LOG FOR DEVELOPMENT/TESTING ONLY
TRUE,DEMO-01127,C-06,Centre F - Guskara Sub-Mandi,39.1,Potato,2490.0,10:00 - 12:00,2,40,0.15,6,1,0,64.3,SYNTHETIC DEMO LOG FOR DEVELOPMENT/TESTING ONLY
TRUE,DEMO-01128,C-05,Centre E - Kalyani Storage & Hub,5.8,Paddy,1050.0,10:00 - 12:00,2,50,0.78,2,0,1,14.9,SYNTHETIC DEMO LOG FOR DEVELOPMENT/TESTING ONLY
TRUE,DEMO-01129,C-01,Centre A - Burdwan Mandi,17.6,Maize,2000.0,12:00 - 14:00,3,80,0.5,7,0,1,31.9,SYNTHETIC DEMO LOG FOR DEVELOPMENT/TESTING ONLY
TRUE,DEMO-01130,C-05,Centre E - Kalyani Storage & Hub,21.1,Wheat,2100.0,16:00 - 18:00,2,50,0.73,2,0,1,21.3,SYNTHETIC DEMO LOG FOR DEVELOPMENT/TESTING ONLY
TRUE,DEMO-01131,C-03,Centre C - Memari Procurement Depot,24.0,Maize,2470.0,16:00 - 18:00,2,60,0.7,0,0,1,21.4,SYNTHETIC DEMO LOG FOR DEVELOPMENT/TESTING ONLY
TRUE,DEMO-01132,C-02,Centre B - Singur Agro Hub,25.7,Paddy,2150.0,16:00 - 18:00,4,100,0.38,3,0,1,16.8,SYNTHETIC DEMO LOG FOR DEVELOPMENT/TESTING ONLY
TRUE,DEMO-01133,C-04,Centre D - Ranaghat Krishak Mandi,13.0,Potato,1460.0,16:00 - 18:00,3,90,0.9,6,0,0,43.6,SYNTHETIC DEMO LOG FOR DEVELOPMENT/TESTING ONLY
TRUE,DEMO-01134,C-06,Centre F - Guskara Sub-Mandi,10.8,Paddy,2280.0,16:00 - 18:00,2,40,0.37,3,1,1,50.6,SYNTHETIC DEMO LOG FOR DEVELOPMENT/TESTING ONLY
TRUE,DEMO-01135,C-06,Centre F - Guskara Sub-Mandi,26.2,Paddy,2340.0,12:00 - 14:00,2,40,0.57,2,1,1,50.4,SYNTHETIC DEMO LOG FOR DEVELOPMENT/TESTING ONLY
TRUE,DEMO-01136,C-04,Centre D - Ranaghat Krishak Mandi,43.5,Mustard,1020.0,08:00 - 10:00,3,90,0.37,5,0,1,16.6,SYNTHETIC DEMO LOG FOR DEVELOPMENT/TESTING ONLY
TRUE,DEMO-01137,C-06,Centre F - Guskara Sub-Mandi,4.8,Maize,2310.0,14:00 - 16:00,2,40,0.45,2,1,0,48.1,SYNTHETIC DEMO LOG FOR DEVELOPMENT/TESTING ONLY
TRUE,DEMO-01138,C-02,Centre B - Singur Agro Hub,6.2,Wheat,3430.0,08:00 - 10:00,4,100,0.33,8,0,0,37.8,SYNTHETIC DEMO LOG FOR DEVELOPMENT/TESTING ONLY
TRUE,DEMO-01139,C-01,Centre A - Burdwan Mandi,33.3,Paddy,1210.0,16:00 - 18:00,3,80,0.83,2,0,1,8.0,SYNTHETIC DEMO LOG FOR DEVELOPMENT/TESTING ONLY
TRUE,DEMO-01140,C-03,Centre C - Memari Procurement Depot,28.1,Maize,3160.0,12:00 - 14:00,2,60,0.29,7,0,1,48.9,SYNTHETIC DEMO LOG FOR DEVELOPMENT/TESTING ONLY
TRUE,DEMO-01141,C-04,Centre D - Ranaghat Krishak Mandi,36.7,Paddy,2440.0,12:00 - 14:00,3,90,0.8,4,0,1,28.9,SYNTHETIC DEMO LOG FOR DEVELOPMENT/TESTING ONLY
TRUE,DEMO-01142,C-05,Centre E - Kalyani Storage & Hub,2.4,Paddy,1890.0,12:00 - 14:00,2,50,0.28,1,0,1,14.3,SYNTHETIC DEMO LOG FOR DEVELOPMENT/TESTING ONLY
TRUE,DEMO-01143,C-04,Centre D - Ranaghat Krishak Mandi,4.3,Maize,2590.0,12:00 - 14:00,3,90,0.96,10,1,0,75.4,SYNTHETIC DEMO LOG FOR DEVELOPMENT/TESTING ONLY
TRUE,DEMO-01144,C-04,Centre D - Ranaghat Krishak Mandi,44.4,Paddy,2830.0,14:00 - 16:00,3,90,0.57,2,0,1,21.9,SYNTHETIC DEMO LOG FOR DEVELOPMENT/TESTING ONLY
TRUE,DEMO-01145,C-04,Centre D - Ranaghat Krishak Mandi,15.1,Maize,3030.0,10:00 - 12:00,3,90,0.94,11,1,0,84.6,SYNTHETIC DEMO LOG FOR DEVELOPMENT/TESTING ONLY
TRUE,DEMO-01146,C-01,Centre A - Burdwan Mandi,9.1,Paddy,390.0,08:00 - 10:00,3,80,0.77,5,0,1,10.7,SYNTHETIC DEMO LOG FOR DEVELOPMENT/TESTING ONLY
TRUE,DEMO-01147,C-04,Centre D - Ranaghat Krishak Mandi,31.1,Potato,3280.0,14:00 - 16:00,3,90,0.26,3,0,0,28.5,SYNTHETIC DEMO LOG FOR DEVELOPMENT/TESTING ONLY
TRUE,DEMO-01148,C-05,Centre E - Kalyani Storage & Hub,2.6,Potato,830.0,14:00 - 16:00,2,50,0.84,0,0,1,5.0,SYNTHETIC DEMO LOG FOR DEVELOPMENT/TESTING ONLY
TRUE,DEMO-01149,C-04,Centre D - Ranaghat Krishak Mandi,12.5,Maize,2640.0,12:00 - 14:00,3,90,0.94,14,1,0,86.1,SYNTHETIC DEMO LOG FOR DEVELOPMENT/TESTING ONLY
TRUE,DEMO-01150,C-04,Centre D - Ranaghat Krishak Mandi,40.9,Paddy,780.0,16:00 - 18:00,3,90,0.45,1,0,1,7.1,SYNTHETIC DEMO LOG FOR DEVELOPMENT/TESTING ONLY
TRUE,DEMO-01151,C-03,Centre C - Memari Procurement Depot,23.3,Potato,760.0,14:00 - 16:00,2,60,0.95,11,1,1,79.6,SYNTHETIC DEMO LOG FOR DEVELOPMENT/TESTING ONLY
TRUE,DEMO-01152,C-01,Centre A - Burdwan Mandi,22.8,Wheat,1070.0,12:00 - 14:00,3,80,0.15,5,0,1,22.4,SYNTHETIC DEMO LOG FOR DEVELOPMENT/TESTING ONLY
TRUE,DEMO-01153,C-04,Centre D - Ranaghat Krishak Mandi,42.0,Paddy,3370.0,12:00 - 14:00,3,90,0.58,7,0,1,46.1,SYNTHETIC DEMO LOG FOR DEVELOPMENT/TESTING ONLY
TRUE,DEMO-01154,C-04,Centre D - Ranaghat Krishak Mandi,2.3,Potato,1720.0,12:00 - 14:00,3,90,0.4,1,0,0,12.0,SYNTHETIC DEMO LOG FOR DEVELOPMENT/TESTING ONLY
TRUE,DEMO-01155,C-03,Centre C - Memari Procurement Depot,17.2,Paddy,530.0,14:00 - 16:00,2,60,0.56,1,0,1,6.0,SYNTHETIC DEMO LOG FOR DEVELOPMENT/TESTING ONLY
TRUE,DEMO-01156,C-01,Centre A - Burdwan Mandi,8.7,Mustard,2370.0,08:00 - 10:00,3,80,0.34,4,0,1,24.6,SYNTHETIC DEMO LOG FOR DEVELOPMENT/TESTING ONLY
TRUE,DEMO-01157,C-03,Centre C - Memari Procurement Depot,40.4,Wheat,1970.0,14:00 - 16:00,2,60,0.37,6,0,0,35.0,SYNTHETIC DEMO LOG FOR DEVELOPMENT/TESTING ONLY
TRUE,DEMO-01158,C-02,Centre B - Singur Agro Hub,2.2,Wheat,3120.0,14:00 - 16:00,4,100,0.74,1,0,0,15.3,SYNTHETIC DEMO LOG FOR DEVELOPMENT/TESTING ONLY
TRUE,DEMO-01159,C-03,Centre C - Memari Procurement Depot,19.0,Potato,2650.0,10:00 - 12:00,2,60,0.9,8,0,1,71.4,SYNTHETIC DEMO LOG FOR DEVELOPMENT/TESTING ONLY
TRUE,DEMO-01160,C-03,Centre C - Memari Procurement Depot,23.0,Potato,1840.0,14:00 - 16:00,2,60,0.72,1,0,1,15.8,SYNTHETIC DEMO LOG FOR DEVELOPMENT/TESTING ONLY
TRUE,DEMO-01161,C-04,Centre D - Ranaghat Krishak Mandi,7.7,Maize,3360.0,14:00 - 16:00,3,90,0.81,1,0,0,25.9,SYNTHETIC DEMO LOG FOR DEVELOPMENT/TESTING ONLY
TRUE,DEMO-01162,C-06,Centre F - Guskara Sub-Mandi,31.2,Paddy,1330.0,08:00 - 10:00,2,40,0.96,13,1,1,93.5,SYNTHETIC DEMO LOG FOR DEVELOPMENT/TESTING ONLY
TRUE,DEMO-01163,C-04,Centre D - Ranaghat Krishak Mandi,22.9,Wheat,2710.0,12:00 - 14:00,3,90,0.36,2,0,1,21.6,SYNTHETIC DEMO LOG FOR DEVELOPMENT/TESTING ONLY
TRUE,DEMO-01164,C-01,Centre A - Burdwan Mandi,30.7,Wheat,1620.0,10:00 - 12:00,3,80,0.54,9,0,1,31.4,SYNTHETIC DEMO LOG FOR DEVELOPMENT/TESTING ONLY
TRUE,DEMO-01165,C-01,Centre A - Burdwan Mandi,9.8,Maize,3480.0,16:00 - 18:00,3,80,0.64,3,0,1,29.8,SYNTHETIC DEMO LOG FOR DEVELOPMENT/TESTING ONLY
TRUE,DEMO-01166,C-01,Centre A - Burdwan Mandi,42.0,Wheat,1610.0,10:00 - 12:00,3,80,0.66,2,0,1,16.7,SYNTHETIC DEMO LOG FOR DEVELOPMENT/TESTING ONLY
TRUE,DEMO-01167,C-01,Centre A - Burdwan Mandi,24.6,Mustard,2510.0,14:00 - 16:00,3,80,0.96,9,1,1,68.8,SYNTHETIC DEMO LOG FOR DEVELOPMENT/TESTING ONLY
TRUE,DEMO-01168,C-06,Centre F - Guskara Sub-Mandi,6.7,Potato,1400.0,12:00 - 14:00,2,40,0.93,10,1,0,83.8,SYNTHETIC DEMO LOG FOR DEVELOPMENT/TESTING ONLY
TRUE,DEMO-01169,C-03,Centre C - Memari Procurement Depot,3.8,Potato,370.0,10:00 - 12:00,2,60,0.77,3,0,1,7.0,SYNTHETIC DEMO LOG FOR DEVELOPMENT/TESTING ONLY
TRUE,DEMO-01170,C-01,Centre A - Burdwan Mandi,12.8,Mustard,1820.0,10:00 - 12:00,3,80,0.43,2,0,1,17.6,SYNTHETIC DEMO LOG FOR DEVELOPMENT/TESTING ONLY
TRUE,DEMO-01171,C-06,Centre F - Guskara Sub-Mandi,35.1,Potato,630.0,16:00 - 18:00,2,40,0.45,4,1,0,39.8,SYNTHETIC DEMO LOG FOR DEVELOPMENT/TESTING ONLY
TRUE,DEMO-01172,C-05,Centre E - Kalyani Storage & Hub,30.0,Wheat,890.0,10:00 - 12:00,2,50,0.47,10,0,1,37.1,SYNTHETIC DEMO LOG FOR DEVELOPMENT/TESTING ONLY
TRUE,DEMO-01173,C-02,Centre B - Singur Agro Hub,3.8,Maize,3400.0,08:00 - 10:00,4,100,0.88,12,0,0,51.8,SYNTHETIC DEMO LOG FOR DEVELOPMENT/TESTING ONLY
TRUE,DEMO-01174,C-01,Centre A - Burdwan Mandi,16.7,Maize,2590.0,16:00 - 18:00,3,80,0.97,10,1,1,68.6,SYNTHETIC DEMO LOG FOR DEVELOPMENT/TESTING ONLY
TRUE,DEMO-01175,C-02,Centre B - Singur Agro Hub,10.2,Potato,2020.0,10:00 - 12:00,4,100,0.36,10,0,1,32.0,SYNTHETIC DEMO LOG FOR DEVELOPMENT/TESTING ONLY
TRUE,DEMO-01176,C-03,Centre C - Memari Procurement Depot,29.1,Wheat,590.0,14:00 - 16:00,2,60,0.51,3,0,0,10.0,SYNTHETIC DEMO LOG FOR DEVELOPMENT/TESTING ONLY
TRUE,DEMO-01177,C-05,Centre E - Kalyani Storage & Hub,9.2,Maize,1100.0,08:00 - 10:00,2,50,0.95,11,1,1,88.4,SYNTHETIC DEMO LOG FOR DEVELOPMENT/TESTING ONLY
TRUE,DEMO-01178,C-02,Centre B - Singur Agro Hub,31.4,Mustard,3070.0,14:00 - 16:00,4,100,0.96,11,1,1,73.2,SYNTHETIC DEMO LOG FOR DEVELOPMENT/TESTING ONLY
TRUE,DEMO-01179,C-05,Centre E - Kalyani Storage & Hub,35.5,Mustard,1520.0,16:00 - 18:00,2,50,0.38,1,0,1,15.0,SYNTHETIC DEMO LOG FOR DEVELOPMENT/TESTING ONLY
TRUE,DEMO-01180,C-06,Centre F - Guskara Sub-Mandi,21.6,Potato,2540.0,16:00 - 18:00,2,40,0.59,1,1,0,49.4,SYNTHETIC DEMO LOG FOR DEVELOPMENT/TESTING ONLY
TRUE,DEMO-01181,C-02,Centre B - Singur Agro Hub,25.7,Wheat,760.0,12:00 - 14:00,4,100,0.19,2,0,0,9.1,SYNTHETIC DEMO LOG FOR DEVELOPMENT/TESTING ONLY
TRUE,DEMO-01182,C-03,Centre C - Memari Procurement Depot,39.6,Paddy,370.0,12:00 - 14:00,2,60,0.96,12,1,1,80.4,SYNTHETIC DEMO LOG FOR DEVELOPMENT/TESTING ONLY
TRUE,DEMO-01183,C-05,Centre E - Kalyani Storage & Hub,29.9,Potato,2290.0,08:00 - 10:00,2,50,0.96,12,1,1,94.3,SYNTHETIC DEMO LOG FOR DEVELOPMENT/TESTING ONLY
TRUE,DEMO-01184,C-02,Centre B - Singur Agro Hub,14.7,Mustard,3450.0,16:00 - 18:00,4,100,0.67,0,0,1,16.4,SYNTHETIC DEMO LOG FOR DEVELOPMENT/TESTING ONLY
TRUE,DEMO-01185,C-03,Centre C - Memari Procurement Depot,9.6,Paddy,3410.0,12:00 - 14:00,2,60,0.6,7,0,1,52.7,SYNTHETIC DEMO LOG FOR DEVELOPMENT/TESTING ONLY
TRUE,DEMO-01186,C-01,Centre A - Burdwan Mandi,39.4,Mustard,2290.0,12:00 - 14:00,3,80,0.61,6,0,1,23.7,SYNTHETIC DEMO LOG FOR DEVELOPMENT/TESTING ONLY
TRUE,DEMO-01187,C-02,Centre B - Singur Agro Hub,10.8,Wheat,2280.0,12:00 - 14:00,4,100,0.86,10,0,0,44.9,SYNTHETIC DEMO LOG FOR DEVELOPMENT/TESTING ONLY
TRUE,DEMO-01188,C-03,Centre C - Memari Procurement Depot,6.0,Paddy,800.0,14:00 - 16:00,2,60,0.3,5,0,1,28.7,SYNTHETIC DEMO LOG FOR DEVELOPMENT/TESTING ONLY
TRUE,DEMO-01189,C-02,Centre B - Singur Agro Hub,42.6,Maize,800.0,14:00 - 16:00,4,100,0.38,2,0,0,11.8,SYNTHETIC DEMO LOG FOR DEVELOPMENT/TESTING ONLY
TRUE,DEMO-01190,C-06,Centre F - Guskara Sub-Mandi,5.0,Maize,440.0,10:00 - 12:00,2,40,0.35,11,1,0,59.0,SYNTHETIC DEMO LOG FOR DEVELOPMENT/TESTING ONLY
TRUE,DEMO-01191,C-04,Centre D - Ranaghat Krishak Mandi,7.9,Potato,2680.0,16:00 - 18:00,3,90,0.16,1,0,0,20.3,SYNTHETIC DEMO LOG FOR DEVELOPMENT/TESTING ONLY
TRUE,DEMO-01192,C-01,Centre A - Burdwan Mandi,12.7,Potato,480.0,10:00 - 12:00,3,80,0.27,8,0,1,22.8,SYNTHETIC DEMO LOG FOR DEVELOPMENT/TESTING ONLY
TRUE,DEMO-01193,C-01,Centre A - Burdwan Mandi,25.3,Potato,2900.0,08:00 - 10:00,3,80,0.86,6,0,1,44.0,SYNTHETIC DEMO LOG FOR DEVELOPMENT/TESTING ONLY
TRUE,DEMO-01194,C-04,Centre D - Ranaghat Krishak Mandi,16.3,Paddy,710.0,12:00 - 14:00,3,90,0.2,5,0,1,17.2,SYNTHETIC DEMO LOG FOR DEVELOPMENT/TESTING ONLY
TRUE,DEMO-01195,C-06,Centre F - Guskara Sub-Mandi,2.9,Maize,350.0,08:00 - 10:00,2,40,0.6,1,1,0,29.2,SYNTHETIC DEMO LOG FOR DEVELOPMENT/TESTING ONLY
TRUE,DEMO-01196,C-01,Centre A - Burdwan Mandi,11.7,Paddy,1470.0,08:00 - 10:00,3,80,0.44,3,0,1,14.5,SYNTHETIC DEMO LOG FOR DEVELOPMENT/TESTING ONLY
TRUE,DEMO-01197,C-06,Centre F - Guskara Sub-Mandi,23.1,Mustard,3470.0,08:00 - 10:00,2,40,0.34,8,1,1,80.7,SYNTHETIC DEMO LOG FOR DEVELOPMENT/TESTING ONLY
TRUE,DEMO-01198,C-03,Centre C - Memari Procurement Depot,41.7,Potato,3240.0,12:00 - 14:00,2,60,0.89,10,0,1,77.1,SYNTHETIC DEMO LOG FOR DEVELOPMENT/TESTING ONLY
TRUE,DEMO-01199,C-04,Centre D - Ranaghat Krishak Mandi,27.8,Maize,2440.0,12:00 - 14:00,3,90,0.27,5,0,0,27.2,SYNTHETIC DEMO LOG FOR DEVELOPMENT/TESTING ONLY
TRUE,DEMO-01200,C-03,Centre C - Memari Procurement Depot,41.4,Potato,2380.0,12:00 - 14:00,2,60,0.92,15,1,1,111.8,SYNTHETIC DEMO LOG FOR DEVELOPMENT/TESTING ONLY
TRUE,DEMO-01201,C-01,Centre A - Burdwan Mandi,35.4,Potato,680.0,10:00 - 12:00,3,80,0.27,6,0,1,20.8,SYNTHETIC DEMO LOG FOR DEVELOPMENT/TESTING ONLY
TRUE,DEMO-01202,C-01,Centre A - Burdwan Mandi,20.4,Potato,2600.0,16:00 - 18:00,3,80,0.27,1,0,1,11.4,SYNTHETIC DEMO LOG FOR DEVELOPMENT/TESTING ONLY
TRUE,DEMO-01203,C-02,Centre B - Singur Agro Hub,17.2,Paddy,1830.0,14:00 - 16:00,4,100,0.55,6,0,1,16.6,SYNTHETIC DEMO LOG FOR DEVELOPMENT/TESTING ONLY
TRUE,DEMO-01204,C-02,Centre B - Singur Agro Hub,20.0,Paddy,1840.0,14:00 - 16:00,4,100,0.59,3,0,1,12.3,SYNTHETIC DEMO LOG FOR DEVELOPMENT/TESTING ONLY
TRUE,DEMO-01205,C-02,Centre B - Singur Agro Hub,27.0,Mustard,1590.0,08:00 - 10:00,4,100,0.63,6,0,1,18.7,SYNTHETIC DEMO LOG FOR DEVELOPMENT/TESTING ONLY
TRUE,DEMO-01206,C-02,Centre B - Singur Agro Hub,10.7,Wheat,3010.0,08:00 - 10:00,4,100,0.45,4,0,0,18.0,SYNTHETIC DEMO LOG FOR DEVELOPMENT/TESTING ONLY
TRUE,DEMO-01207,C-02,Centre B - Singur Agro Hub,41.2,Potato,1390.0,08:00 - 10:00,4,100,0.85,7,0,1,21.6,SYNTHETIC DEMO LOG FOR DEVELOPMENT/TESTING ONLY
TRUE,DEMO-01208,C-05,Centre E - Kalyani Storage & Hub,11.1,Mustard,940.0,10:00 - 12:00,2,50,0.77,2,0,1,16.0,SYNTHETIC DEMO LOG FOR DEVELOPMENT/TESTING ONLY
TRUE,DEMO-01209,C-06,Centre F - Guskara Sub-Mandi,33.5,Paddy,2500.0,14:00 - 16:00,2,40,0.5,1,1,1,50.4,SYNTHETIC DEMO LOG FOR DEVELOPMENT/TESTING ONLY
TRUE,DEMO-01210,C-04,Centre D - Ranaghat Krishak Mandi,3.3,Maize,1410.0,10:00 - 12:00,3,90,0.22,2,0,0,17.1,SYNTHETIC DEMO LOG FOR DEVELOPMENT/TESTING ONLY
TRUE,DEMO-01211,C-05,Centre E - Kalyani Storage & Hub,34.9,Mustard,1750.0,10:00 - 12:00,2,50,0.27,7,0,1,39.6,SYNTHETIC DEMO LOG FOR DEVELOPMENT/TESTING ONLY
TRUE,DEMO-01212,C-06,Centre F - Guskara Sub-Mandi,35.6,Wheat,2490.0,14:00 - 16:00,2,40,0.39,1,1,0,46.1,SYNTHETIC DEMO LOG FOR DEVELOPMENT/TESTING ONLY
TRUE,DEMO-01213,C-06,Centre F - Guskara Sub-Mandi,34.3,Potato,1860.0,16:00 - 18:00,2,40,0.16,4,1,0,49.1,SYNTHETIC DEMO LOG FOR DEVELOPMENT/TESTING ONLY
TRUE,DEMO-01214,C-05,Centre E - Kalyani Storage & Hub,23.6,Wheat,2540.0,16:00 - 18:00,2,50,0.5,1,0,1,15.2,SYNTHETIC DEMO LOG FOR DEVELOPMENT/TESTING ONLY
TRUE,DEMO-01215,C-01,Centre A - Burdwan Mandi,44.1,Maize,610.0,14:00 - 16:00,3,80,0.33,4,0,1,13.7,SYNTHETIC DEMO LOG FOR DEVELOPMENT/TESTING ONLY
TRUE,DEMO-01216,C-06,Centre F - Guskara Sub-Mandi,38.2,Maize,2890.0,16:00 - 18:00,2,40,0.54,1,1,0,52.8,SYNTHETIC DEMO LOG FOR DEVELOPMENT/TESTING ONLY
TRUE,DEMO-01217,C-06,Centre F - Guskara Sub-Mandi,9.1,Mustard,2850.0,14:00 - 16:00,2,40,0.69,1,1,1,51.5,SYNTHETIC DEMO LOG FOR DEVELOPMENT/TESTING ONLY
TRUE,DEMO-01218,C-05,Centre E - Kalyani Storage & Hub,12.3,Wheat,740.0,08:00 - 10:00,2,50,0.24,2,0,1,12.8,SYNTHETIC DEMO LOG FOR DEVELOPMENT/TESTING ONLY
TRUE,DEMO-01219,C-01,Centre A - Burdwan Mandi,25.7,Wheat,2310.0,10:00 - 12:00,3,80,0.18,4,0,1,28.2,SYNTHETIC DEMO LOG FOR DEVELOPMENT/TESTING ONLY
TRUE,DEMO-01220,C-05,Centre E - Kalyani Storage & Hub,4.1,Mustard,510.0,08:00 - 10:00,2,50,0.41,8,0,1,30.9,SYNTHETIC DEMO LOG FOR DEVELOPMENT/TESTING ONLY
TRUE,DEMO-01221,C-03,Centre C - Memari Procurement Depot,10.4,Mustard,2680.0,16:00 - 18:00,2,60,0.75,4,0,0,35.0,SYNTHETIC DEMO LOG FOR DEVELOPMENT/TESTING ONLY
TRUE,DEMO-01222,C-04,Centre D - Ranaghat Krishak Mandi,23.6,Maize,2760.0,08:00 - 10:00,3,90,0.17,7,0,0,34.6,SYNTHETIC DEMO LOG FOR DEVELOPMENT/TESTING ONLY
TRUE,DEMO-01223,C-04,Centre D - Ranaghat Krishak Mandi,14.5,Maize,700.0,08:00 - 10:00,3,90,0.53,7,0,0,25.3,SYNTHETIC DEMO LOG FOR DEVELOPMENT/TESTING ONLY
TRUE,DEMO-01224,C-02,Centre B - Singur Agro Hub,44.7,Paddy,1860.0,10:00 - 12:00,4,100,0.97,15,1,1,73.6,SYNTHETIC DEMO LOG FOR DEVELOPMENT/TESTING ONLY
TRUE,DEMO-01225,C-03,Centre C - Memari Procurement Depot,16.6,Mustard,1390.0,10:00 - 12:00,2,60,0.86,15,0,0,79.1,SYNTHETIC DEMO LOG FOR DEVELOPMENT/TESTING ONLY
TRUE,DEMO-01226,C-02,Centre B - Singur Agro Hub,5.2,Maize,700.0,16:00 - 18:00,4,100,0.67,2,0,0,5.0,SYNTHETIC DEMO LOG FOR DEVELOPMENT/TESTING ONLY
TRUE,DEMO-01227,C-01,Centre A - Burdwan Mandi,25.5,Paddy,3400.0,12:00 - 14:00,3,80,0.8,1,0,1,26.6,SYNTHETIC DEMO LOG FOR DEVELOPMENT/TESTING ONLY
TRUE,DEMO-01228,C-03,Centre C - Memari Procurement Depot,14.0,Paddy,1400.0,08:00 - 10:00,2,60,0.22,2,0,1,19.7,SYNTHETIC DEMO LOG FOR DEVELOPMENT/TESTING ONLY
TRUE,DEMO-01229,C-04,Centre D - Ranaghat Krishak Mandi,44.1,Wheat,2720.0,14:00 - 16:00,3,90,0.52,5,0,1,38.4,SYNTHETIC DEMO LOG FOR DEVELOPMENT/TESTING ONLY
TRUE,DEMO-01230,C-04,Centre D - Ranaghat Krishak Mandi,38.9,Potato,1520.0,12:00 - 14:00,3,90,0.86,12,0,0,50.8,SYNTHETIC DEMO LOG FOR DEVELOPMENT/TESTING ONLY
TRUE,DEMO-01231,C-04,Centre D - Ranaghat Krishak Mandi,38.3,Wheat,3340.0,16:00 - 18:00,3,90,0.46,3,0,1,28.4,SYNTHETIC DEMO LOG FOR DEVELOPMENT/TESTING ONLY
TRUE,DEMO-01232,C-06,Centre F - Guskara Sub-Mandi,44.0,Potato,390.0,16:00 - 18:00,2,40,0.81,3,1,0,34.1,SYNTHETIC DEMO LOG FOR DEVELOPMENT/TESTING ONLY
TRUE,DEMO-01233,C-05,Centre E - Kalyani Storage & Hub,38.7,Potato,1160.0,10:00 - 12:00,2,50,0.28,5,0,1,28.1,SYNTHETIC DEMO LOG FOR DEVELOPMENT/TESTING ONLY
TRUE,DEMO-01234,C-04,Centre D - Ranaghat Krishak Mandi,22.0,Potato,2320.0,12:00 - 14:00,3,90,0.9,8,0,0,51.5,SYNTHETIC DEMO LOG FOR DEVELOPMENT/TESTING ONLY
TRUE,DEMO-01235,C-02,Centre B - Singur Agro Hub,35.0,Potato,860.0,14:00 - 16:00,4,100,0.42,2,0,1,11.4,SYNTHETIC DEMO LOG FOR DEVELOPMENT/TESTING ONLY
TRUE,DEMO-01236,C-06,Centre F - Guskara Sub-Mandi,14.0,Mustard,330.0,08:00 - 10:00,2,40,0.28,4,1,1,37.1,SYNTHETIC DEMO LOG FOR DEVELOPMENT/TESTING ONLY
TRUE,DEMO-01237,C-06,Centre F - Guskara Sub-Mandi,26.4,Paddy,3460.0,12:00 - 14:00,2,40,0.79,1,1,1,58.3,SYNTHETIC DEMO LOG FOR DEVELOPMENT/TESTING ONLY
TRUE,DEMO-01238,C-04,Centre D - Ranaghat Krishak Mandi,11.1,Paddy,280.0,08:00 - 10:00,3,90,0.78,4,0,1,6.4,SYNTHETIC DEMO LOG FOR DEVELOPMENT/TESTING ONLY
TRUE,DEMO-01239,C-03,Centre C - Memari Procurement Depot,8.1,Paddy,1100.0,08:00 - 10:00,2,60,0.22,7,0,1,30.3,SYNTHETIC DEMO LOG FOR DEVELOPMENT/TESTING ONLY
TRUE,DEMO-01240,C-02,Centre B - Singur Agro Hub,37.7,Wheat,510.0,10:00 - 12:00,4,100,0.9,15,0,0,44.8,SYNTHETIC DEMO LOG FOR DEVELOPMENT/TESTING ONLY
TRUE,DEMO-01241,C-03,Centre C - Memari Procurement Depot,17.0,Paddy,1580.0,10:00 - 12:00,2,60,0.54,8,0,1,43.1,SYNTHETIC DEMO LOG FOR DEVELOPMENT/TESTING ONLY
TRUE,DEMO-01242,C-03,Centre C - Memari Procurement Depot,37.4,Maize,2050.0,14:00 - 16:00,2,60,0.89,10,0,1,70.3,SYNTHETIC DEMO LOG FOR DEVELOPMENT/TESTING ONLY
TRUE,DEMO-01243,C-06,Centre F - Guskara Sub-Mandi,8.2,Maize,2390.0,16:00 - 18:00,2,40,0.83,3,1,0,55.4,SYNTHETIC DEMO LOG FOR DEVELOPMENT/TESTING ONLY
TRUE,DEMO-01244,C-01,Centre A - Burdwan Mandi,42.2,Paddy,1850.0,14:00 - 16:00,3,80,0.41,5,0,1,19.4,SYNTHETIC DEMO LOG FOR DEVELOPMENT/TESTING ONLY
TRUE,DEMO-01245,C-06,Centre F - Guskara Sub-Mandi,24.4,Mustard,210.0,12:00 - 14:00,2,40,0.52,6,1,1,45.3,SYNTHETIC DEMO LOG FOR DEVELOPMENT/TESTING ONLY
TRUE,DEMO-01246,C-05,Centre E - Kalyani Storage & Hub,11.4,Potato,3430.0,08:00 - 10:00,2,50,0.5,5,0,1,43.2,SYNTHETIC DEMO LOG FOR DEVELOPMENT/TESTING ONLY
TRUE,DEMO-01247,C-02,Centre B - Singur Agro Hub,11.3,Maize,890.0,14:00 - 16:00,4,100,0.31,4,0,0,14.4,SYNTHETIC DEMO LOG FOR DEVELOPMENT/TESTING ONLY
TRUE,DEMO-01248,C-03,Centre C - Memari Procurement Depot,40.6,Potato,1860.0,12:00 - 14:00,2,60,0.87,14,0,1,78.1,SYNTHETIC DEMO LOG FOR DEVELOPMENT/TESTING ONLY
TRUE,DEMO-01249,C-04,Centre D - Ranaghat Krishak Mandi,17.1,Mustard,2930.0,14:00 - 16:00,3,90,0.5,6,0,1,31.3,SYNTHETIC DEMO LOG FOR DEVELOPMENT/TESTING ONLY
TRUE,DEMO-01250,C-04,Centre D - Ranaghat Krishak Mandi,9.6,Mustard,2160.0,12:00 - 14:00,3,90,0.6,3,0,1,28.2,SYNTHETIC DEMO LOG FOR DEVELOPMENT/TESTING ONLY
TRUE,DEMO-01251,C-06,Centre F - Guskara Sub-Mandi,32.2,Mustard,3300.0,12:00 - 14:00,2,40,0.9,5,1,1,84.3,SYNTHETIC DEMO LOG FOR DEVELOPMENT/TESTING ONLY
TRUE,DEMO-01252,C-06,Centre F - Guskara Sub-Mandi,42.1,Potato,540.0,16:00 - 18:00,2,40,0.77,3,1,0,34.3,SYNTHETIC DEMO LOG FOR DEVELOPMENT/TESTING ONLY
TRUE,DEMO-01253,C-05,Centre E - Kalyani Storage & Hub,23.6,Potato,2860.0,14:00 - 16:00,2,50,0.7,5,0,1,38.2,SYNTHETIC DEMO LOG FOR DEVELOPMENT/TESTING ONLY
TRUE,DEMO-01254,C-05,Centre E - Kalyani Storage & Hub,10.4,Mustard,1750.0,08:00 - 10:00,2,50,0.25,8,0,1,44.9,SYNTHETIC DEMO LOG FOR DEVELOPMENT/TESTING ONLY
TRUE,DEMO-01255,C-04,Centre D - Ranaghat Krishak Mandi,2.3,Mustard,1440.0,14:00 - 16:00,3,90,0.34,2,0,1,16.6,SYNTHETIC DEMO LOG FOR DEVELOPMENT/TESTING ONLY
TRUE,DEMO-01256,C-04,Centre D - Ranaghat Krishak Mandi,40.7,Paddy,1570.0,08:00 - 10:00,3,90,0.16,2,0,1,14.2,SYNTHETIC DEMO LOG FOR DEVELOPMENT/TESTING ONLY
TRUE,DEMO-01257,C-03,Centre C - Memari Procurement Depot,15.7,Maize,760.0,16:00 - 18:00,2,60,0.62,2,0,1,10.3,SYNTHETIC DEMO LOG FOR DEVELOPMENT/TESTING ONLY
TRUE,DEMO-01258,C-05,Centre E - Kalyani Storage & Hub,36.5,Mustard,2110.0,08:00 - 10:00,2,50,0.26,5,0,1,30.8,SYNTHETIC DEMO LOG FOR DEVELOPMENT/TESTING ONLY
TRUE,DEMO-01259,C-06,Centre F - Guskara Sub-Mandi,40.9,Paddy,1910.0,14:00 - 16:00,2,40,0.51,1,1,1,42.8,SYNTHETIC DEMO LOG FOR DEVELOPMENT/TESTING ONLY
TRUE,DEMO-01260,C-06,Centre F - Guskara Sub-Mandi,38.3,Maize,2270.0,14:00 - 16:00,2,40,0.37,3,1,0,48.7,SYNTHETIC DEMO LOG FOR DEVELOPMENT/TESTING ONLY
TRUE,DEMO-01261,C-03,Centre C - Memari Procurement Depot,6.0,Paddy,1640.0,08:00 - 10:00,2,60,0.67,5,0,1,35.3,SYNTHETIC DEMO LOG FOR DEVELOPMENT/TESTING ONLY
TRUE,DEMO-01262,C-01,Centre A - Burdwan Mandi,3.1,Maize,2620.0,14:00 - 16:00,3,80,0.97,14,1,1,85.5,SYNTHETIC DEMO LOG FOR DEVELOPMENT/TESTING ONLY
TRUE,DEMO-01263,C-03,Centre C - Memari Procurement Depot,30.1,Paddy,930.0,10:00 - 12:00,2,60,0.31,10,0,1,41.6,SYNTHETIC DEMO LOG FOR DEVELOPMENT/TESTING ONLY
TRUE,DEMO-01264,C-04,Centre D - Ranaghat Krishak Mandi,13.8,Wheat,3290.0,08:00 - 10:00,3,90,0.67,6,0,1,32.0,SYNTHETIC DEMO LOG FOR DEVELOPMENT/TESTING ONLY
TRUE,DEMO-01265,C-05,Centre E - Kalyani Storage & Hub,21.7,Potato,2170.0,08:00 - 10:00,2,50,0.24,3,0,1,26.3,SYNTHETIC DEMO LOG FOR DEVELOPMENT/TESTING ONLY
TRUE,DEMO-01266,C-04,Centre D - Ranaghat Krishak Mandi,18.8,Wheat,1820.0,10:00 - 12:00,3,90,0.17,2,0,1,16.8,SYNTHETIC DEMO LOG FOR DEVELOPMENT/TESTING ONLY
TRUE,DEMO-01267,C-06,Centre F - Guskara Sub-Mandi,31.6,Potato,1440.0,10:00 - 12:00,2,40,0.41,11,1,0,72.9,SYNTHETIC DEMO LOG FOR DEVELOPMENT/TESTING ONLY
TRUE,DEMO-01268,C-01,Centre A - Burdwan Mandi,29.1,Paddy,3020.0,16:00 - 18:00,3,80,0.25,2,0,1,22.5,SYNTHETIC DEMO LOG FOR DEVELOPMENT/TESTING ONLY
TRUE,DEMO-01269,C-03,Centre C - Memari Procurement Depot,27.8,Mustard,220.0,16:00 - 18:00,2,60,0.58,1,0,0,8.2,SYNTHETIC DEMO LOG FOR DEVELOPMENT/TESTING ONLY
TRUE,DEMO-01270,C-05,Centre E - Kalyani Storage & Hub,24.0,Potato,700.0,16:00 - 18:00,2,50,0.87,6,0,1,43.6,SYNTHETIC DEMO LOG FOR DEVELOPMENT/TESTING ONLY
TRUE,DEMO-01271,C-01,Centre A - Burdwan Mandi,11.4,Wheat,2600.0,10:00 - 12:00,3,80,0.93,11,1,1,78.0,SYNTHETIC DEMO LOG FOR DEVELOPMENT/TESTING ONLY
TRUE,DEMO-01272,C-06,Centre F - Guskara Sub-Mandi,22.1,Maize,2870.0,12:00 - 14:00,2,40,0.51,7,1,0,73.0,SYNTHETIC DEMO LOG FOR DEVELOPMENT/TESTING ONLY
TRUE,DEMO-01273,C-02,Centre B - Singur Agro Hub,10.5,Wheat,2990.0,10:00 - 12:00,4,100,0.75,11,0,0,39.0,SYNTHETIC DEMO LOG FOR DEVELOPMENT/TESTING ONLY
TRUE,DEMO-01274,C-05,Centre E - Kalyani Storage & Hub,36.1,Wheat,3350.0,10:00 - 12:00,2,50,0.55,10,0,1,61.0,SYNTHETIC DEMO LOG FOR DEVELOPMENT/TESTING ONLY
TRUE,DEMO-01275,C-04,Centre D - Ranaghat Krishak Mandi,37.1,Maize,2260.0,12:00 - 14:00,3,90,0.65,4,0,0,22.7,SYNTHETIC DEMO LOG FOR DEVELOPMENT/TESTING ONLY
TRUE,DEMO-01276,C-06,Centre F - Guskara Sub-Mandi,9.2,Potato,310.0,14:00 - 16:00,2,40,0.57,4,1,0,35.8,SYNTHETIC DEMO LOG FOR DEVELOPMENT/TESTING ONLY
TRUE,DEMO-01277,C-03,Centre C - Memari Procurement Depot,17.1,Maize,300.0,16:00 - 18:00,2,60,0.3,1,0,1,6.6,SYNTHETIC DEMO LOG FOR DEVELOPMENT/TESTING ONLY
TRUE,DEMO-01278,C-01,Centre A - Burdwan Mandi,18.0,Paddy,2770.0,12:00 - 14:00,3,80,0.25,3,0,1,22.3,SYNTHETIC DEMO LOG FOR DEVELOPMENT/TESTING ONLY
TRUE,DEMO-01279,C-01,Centre A - Burdwan Mandi,22.0,Wheat,2820.0,10:00 - 12:00,3,80,0.9,14,0,1,65.6,SYNTHETIC DEMO LOG FOR DEVELOPMENT/TESTING ONLY
TRUE,DEMO-01280,C-02,Centre B - Singur Agro Hub,14.0,Potato,2210.0,16:00 - 18:00,4,100,0.88,8,0,1,42.5,SYNTHETIC DEMO LOG FOR DEVELOPMENT/TESTING ONLY
TRUE,DEMO-01281,C-05,Centre E - Kalyani Storage & Hub,15.7,Mustard,1260.0,14:00 - 16:00,2,50,0.31,5,0,1,16.9,SYNTHETIC DEMO LOG FOR DEVELOPMENT/TESTING ONLY
TRUE,DEMO-01282,C-04,Centre D - Ranaghat Krishak Mandi,21.5,Potato,2180.0,08:00 - 10:00,3,90,0.64,2,0,0,20.2,SYNTHETIC DEMO LOG FOR DEVELOPMENT/TESTING ONLY
TRUE,DEMO-01283,C-01,Centre A - Burdwan Mandi,29.7,Wheat,3030.0,08:00 - 10:00,3,80,0.97,14,1,1,92.7,SYNTHETIC DEMO LOG FOR DEVELOPMENT/TESTING ONLY
TRUE,DEMO-01284,C-01,Centre A - Burdwan Mandi,3.7,Maize,2330.0,16:00 - 18:00,3,80,0.21,0,0,1,20.9,SYNTHETIC DEMO LOG FOR DEVELOPMENT/TESTING ONLY
TRUE,DEMO-01285,C-04,Centre D - Ranaghat Krishak Mandi,15.6,Wheat,1340.0,12:00 - 14:00,3,90,0.22,6,0,1,22.6,SYNTHETIC DEMO LOG FOR DEVELOPMENT/TESTING ONLY
TRUE,DEMO-01286,C-03,Centre C - Memari Procurement Depot,38.5,Mustard,3390.0,14:00 - 16:00,2,60,0.25,2,0,0,34.2,SYNTHETIC DEMO LOG FOR DEVELOPMENT/TESTING ONLY
TRUE,DEMO-01287,C-05,Centre E - Kalyani Storage & Hub,11.6,Potato,2920.0,08:00 - 10:00,2,50,0.27,8,0,1,51.0,SYNTHETIC DEMO LOG FOR DEVELOPMENT/TESTING ONLY
TRUE,DEMO-01288,C-02,Centre B - Singur Agro Hub,10.2,Paddy,3180.0,08:00 - 10:00,4,100,0.46,8,0,1,26.9,SYNTHETIC DEMO LOG FOR DEVELOPMENT/TESTING ONLY
TRUE,DEMO-01289,C-01,Centre A - Burdwan Mandi,40.0,Potato,340.0,12:00 - 14:00,3,80,0.19,3,0,1,8.8,SYNTHETIC DEMO LOG FOR DEVELOPMENT/TESTING ONLY
TRUE,DEMO-01290,C-04,Centre D - Ranaghat Krishak Mandi,41.8,Wheat,2130.0,10:00 - 12:00,3,90,0.25,4,0,1,29.0,SYNTHETIC DEMO LOG FOR DEVELOPMENT/TESTING ONLY
TRUE,DEMO-01291,C-02,Centre B - Singur Agro Hub,29.4,Maize,2410.0,14:00 - 16:00,4,100,0.58,2,0,0,12.6,SYNTHETIC DEMO LOG FOR DEVELOPMENT/TESTING ONLY
TRUE,DEMO-01292,C-03,Centre C - Memari Procurement Depot,11.7,Wheat,1070.0,14:00 - 16:00,2,60,0.4,1,0,0,12.5,SYNTHETIC DEMO LOG FOR DEVELOPMENT/TESTING ONLY
TRUE,DEMO-01293,C-05,Centre E - Kalyani Storage & Hub,31.9,Paddy,450.0,10:00 - 12:00,2,50,0.56,3,0,1,11.9,SYNTHETIC DEMO LOG FOR DEVELOPMENT/TESTING ONLY
TRUE,DEMO-01294,C-04,Centre D - Ranaghat Krishak Mandi,6.5,Paddy,890.0,14:00 - 16:00,3,90,0.64,3,0,1,10.4,SYNTHETIC DEMO LOG FOR DEVELOPMENT/TESTING ONLY
TRUE,DEMO-01295,C-03,Centre C - Memari Procurement Depot,30.2,Wheat,3000.0,14:00 - 16:00,2,60,0.24,1,0,0,30.1,SYNTHETIC DEMO LOG FOR DEVELOPMENT/TESTING ONLY
TRUE,DEMO-01296,C-04,Centre D - Ranaghat Krishak Mandi,10.7,Maize,1520.0,16:00 - 18:00,3,90,0.21,2,0,0,14.0,SYNTHETIC DEMO LOG FOR DEVELOPMENT/TESTING ONLY
TRUE,DEMO-01297,C-06,Centre F - Guskara Sub-Mandi,29.9,Wheat,690.0,16:00 - 18:00,2,40,0.88,8,1,0,72.9,SYNTHETIC DEMO LOG FOR DEVELOPMENT/TESTING ONLY
TRUE,DEMO-01298,C-03,Centre C - Memari Procurement Depot,30.5,Potato,1690.0,14:00 - 16:00,2,60,0.37,5,0,1,31.4,SYNTHETIC DEMO LOG FOR DEVELOPMENT/TESTING ONLY
TRUE,DEMO-01299,C-01,Centre A - Burdwan Mandi,11.1,Wheat,1510.0,14:00 - 16:00,3,80,0.51,2,0,1,11.8,SYNTHETIC DEMO LOG FOR DEVELOPMENT/TESTING ONLY
TRUE,DEMO-01300,C-01,Centre A - Burdwan Mandi,10.3,Mustard,830.0,14:00 - 16:00,3,80,0.3,2,0,1,11.1,SYNTHETIC DEMO LOG FOR DEVELOPMENT/TESTING ONLY
TRUE,DEMO-01301,C-05,Centre E - Kalyani Storage & Hub,20.6,Mustard,2450.0,16:00 - 18:00,2,50,0.69,4,0,1,30.8,SYNTHETIC DEMO LOG FOR DEVELOPMENT/TESTING ONLY
TRUE,DEMO-01302,C-01,Centre A - Burdwan Mandi,12.3,Maize,1960.0,12:00 - 14:00,3,80,0.38,7,0,1,30.0,SYNTHETIC DEMO LOG FOR DEVELOPMENT/TESTING ONLY
TRUE,DEMO-01303,C-06,Centre F - Guskara Sub-Mandi,18.9,Mustard,930.0,14:00 - 16:00,2,40,0.83,4,1,1,41.0,SYNTHETIC DEMO LOG FOR DEVELOPMENT/TESTING ONLY
TRUE,DEMO-01304,C-02,Centre B - Singur Agro Hub,32.4,Wheat,1150.0,12:00 - 14:00,4,100,0.15,2,0,0,9.5,SYNTHETIC DEMO LOG FOR DEVELOPMENT/TESTING ONLY
TRUE,DEMO-01305,C-06,Centre F - Guskara Sub-Mandi,33.8,Maize,3010.0,14:00 - 16:00,2,40,0.72,1,1,0,51.3,SYNTHETIC DEMO LOG FOR DEVELOPMENT/TESTING ONLY
TRUE,DEMO-01306,C-03,Centre C - Memari Procurement Depot,43.4,Mustard,2400.0,10:00 - 12:00,2,60,0.51,1,0,0,21.1,SYNTHETIC DEMO LOG FOR DEVELOPMENT/TESTING ONLY
TRUE,DEMO-01307,C-03,Centre C - Memari Procurement Depot,31.2,Potato,3020.0,10:00 - 12:00,2,60,0.64,11,0,1,59.7,SYNTHETIC DEMO LOG FOR DEVELOPMENT/TESTING ONLY
TRUE,DEMO-01308,C-02,Centre B - Singur Agro Hub,3.9,Mustard,260.0,08:00 - 10:00,4,100,0.71,3,0,1,5.0,SYNTHETIC DEMO LOG FOR DEVELOPMENT/TESTING ONLY
TRUE,DEMO-01309,C-02,Centre B - Singur Agro Hub,9.2,Maize,680.0,16:00 - 18:00,4,100,0.23,1,0,0,5.0,SYNTHETIC DEMO LOG FOR DEVELOPMENT/TESTING ONLY
TRUE,DEMO-01310,C-06,Centre F - Guskara Sub-Mandi,13.1,Wheat,1810.0,16:00 - 18:00,2,40,0.45,0,1,0,33.9,SYNTHETIC DEMO LOG FOR DEVELOPMENT/TESTING ONLY
TRUE,DEMO-01311,C-03,Centre C - Memari Procurement Depot,40.3,Wheat,2760.0,12:00 - 14:00,2,60,0.86,15,0,0,87.2,SYNTHETIC DEMO LOG FOR DEVELOPMENT/TESTING ONLY
TRUE,DEMO-01312,C-05,Centre E - Kalyani Storage & Hub,44.1,Potato,3030.0,10:00 - 12:00,2,50,0.7,2,0,1,27.8,SYNTHETIC DEMO LOG FOR DEVELOPMENT/TESTING ONLY
TRUE,DEMO-01313,C-04,Centre D - Ranaghat Krishak Mandi,26.8,Potato,2500.0,10:00 - 12:00,3,90,0.51,3,0,0,30.5,SYNTHETIC DEMO LOG FOR DEVELOPMENT/TESTING ONLY
TRUE,DEMO-01314,C-04,Centre D - Ranaghat Krishak Mandi,39.7,Potato,2440.0,12:00 - 14:00,3,90,0.9,12,0,0,63.9,SYNTHETIC DEMO LOG FOR DEVELOPMENT/TESTING ONLY
TRUE,DEMO-01315,C-02,Centre B - Singur Agro Hub,40.2,Wheat,1490.0,12:00 - 14:00,4,100,0.5,7,0,0,19.7,SYNTHETIC DEMO LOG FOR DEVELOPMENT/TESTING ONLY
TRUE,DEMO-01316,C-05,Centre E - Kalyani Storage & Hub,7.3,Wheat,2820.0,16:00 - 18:00,2,50,0.62,3,0,1,30.5,SYNTHETIC DEMO LOG FOR DEVELOPMENT/TESTING ONLY
TRUE,DEMO-01317,C-03,Centre C - Memari Procurement Depot,43.7,Wheat,1850.0,08:00 - 10:00,2,60,0.72,4,0,0,33.4,SYNTHETIC DEMO LOG FOR DEVELOPMENT/TESTING ONLY
TRUE,DEMO-01318,C-05,Centre E - Kalyani Storage & Hub,15.1,Maize,1150.0,10:00 - 12:00,2,50,0.81,1,0,1,17.7,SYNTHETIC DEMO LOG FOR DEVELOPMENT/TESTING ONLY
TRUE,DEMO-01319,C-01,Centre A - Burdwan Mandi,37.5,Paddy,610.0,12:00 - 14:00,3,80,0.56,1,0,1,5.0,SYNTHETIC DEMO LOG FOR DEVELOPMENT/TESTING ONLY
TRUE,DEMO-01320,C-01,Centre A - Burdwan Mandi,17.1,Wheat,1130.0,10:00 - 12:00,3,80,0.86,18,0,1,68.9,SYNTHETIC DEMO LOG FOR DEVELOPMENT/TESTING ONLY
TRUE,DEMO-01321,C-05,Centre E - Kalyani Storage & Hub,32.7,Paddy,670.0,08:00 - 10:00,2,50,0.76,4,0,1,20.7,SYNTHETIC DEMO LOG FOR DEVELOPMENT/TESTING ONLY
TRUE,DEMO-01322,C-01,Centre A - Burdwan Mandi,12.7,Mustard,2440.0,12:00 - 14:00,3,80,0.47,3,0,1,21.6,SYNTHETIC DEMO LOG FOR DEVELOPMENT/TESTING ONLY
TRUE,DEMO-01323,C-01,Centre A - Burdwan Mandi,27.7,Wheat,770.0,12:00 - 14:00,3,80,0.51,7,0,1,21.9,SYNTHETIC DEMO LOG FOR DEVELOPMENT/TESTING ONLY
TRUE,DEMO-01324,C-02,Centre B - Singur Agro Hub,19.9,Wheat,860.0,10:00 - 12:00,4,100,0.4,4,0,0,9.9,SYNTHETIC DEMO LOG FOR DEVELOPMENT/TESTING ONLY
TRUE,DEMO-01325,C-06,Centre F - Guskara Sub-Mandi,9.9,Mustard,2780.0,16:00 - 18:00,2,40,0.84,1,1,1,45.4,SYNTHETIC DEMO LOG FOR DEVELOPMENT/TESTING ONLY
TRUE,DEMO-01326,C-05,Centre E - Kalyani Storage & Hub,17.2,Wheat,1740.0,14:00 - 16:00,2,50,0.95,11,1,1,84.6,SYNTHETIC DEMO LOG FOR DEVELOPMENT/TESTING ONLY
TRUE,DEMO-01327,C-01,Centre A - Burdwan Mandi,34.5,Mustard,2230.0,08:00 - 10:00,3,80,0.4,2,0,1,17.6,SYNTHETIC DEMO LOG FOR DEVELOPMENT/TESTING ONLY
TRUE,DEMO-01328,C-05,Centre E - Kalyani Storage & Hub,4.3,Maize,2990.0,12:00 - 14:00,2,50,0.25,5,0,1,37.7,SYNTHETIC DEMO LOG FOR DEVELOPMENT/TESTING ONLY
TRUE,DEMO-01329,C-04,Centre D - Ranaghat Krishak Mandi,38.1,Maize,480.0,14:00 - 16:00,3,90,0.37,6,0,0,20.6,SYNTHETIC DEMO LOG FOR DEVELOPMENT/TESTING ONLY
TRUE,DEMO-01330,C-03,Centre C - Memari Procurement Depot,31.7,Maize,3050.0,14:00 - 16:00,2,60,0.25,4,0,1,40.9,SYNTHETIC DEMO LOG FOR DEVELOPMENT/TESTING ONLY
TRUE,DEMO-01331,C-05,Centre E - Kalyani Storage & Hub,24.2,Potato,2050.0,10:00 - 12:00,2,50,0.95,11,1,1,86.3,SYNTHETIC DEMO LOG FOR DEVELOPMENT/TESTING ONLY
TRUE,DEMO-01332,C-06,Centre F - Guskara Sub-Mandi,36.6,Wheat,2260.0,08:00 - 10:00,2,40,0.32,1,1,0,43.6,SYNTHETIC DEMO LOG FOR DEVELOPMENT/TESTING ONLY
TRUE,DEMO-01333,C-02,Centre B - Singur Agro Hub,24.4,Maize,1020.0,08:00 - 10:00,4,100,0.24,1,0,0,5.0,SYNTHETIC DEMO LOG FOR DEVELOPMENT/TESTING ONLY
TRUE,DEMO-01334,C-01,Centre A - Burdwan Mandi,22.8,Wheat,810.0,14:00 - 16:00,3,80,0.34,5,0,1,16.8,SYNTHETIC DEMO LOG FOR DEVELOPMENT/TESTING ONLY
TRUE,DEMO-01335,C-03,Centre C - Memari Procurement Depot,39.0,Maize,2240.0,14:00 - 16:00,2,60,0.51,4,0,1,34.1,SYNTHETIC DEMO LOG FOR DEVELOPMENT/TESTING ONLY
TRUE,DEMO-01336,C-06,Centre F - Guskara Sub-Mandi,24.0,Paddy,2510.0,10:00 - 12:00,2,40,0.32,6,1,1,69.9,SYNTHETIC DEMO LOG FOR DEVELOPMENT/TESTING ONLY
TRUE,DEMO-01337,C-03,Centre C - Memari Procurement Depot,23.2,Potato,2400.0,16:00 - 18:00,2,60,0.47,3,0,1,32.1,SYNTHETIC DEMO LOG FOR DEVELOPMENT/TESTING ONLY
TRUE,DEMO-01338,C-04,Centre D - Ranaghat Krishak Mandi,14.2,Paddy,600.0,08:00 - 10:00,3,90,0.47,5,0,1,17.9,SYNTHETIC DEMO LOG FOR DEVELOPMENT/TESTING ONLY
TRUE,DEMO-01339,C-01,Centre A - Burdwan Mandi,3.8,Maize,3190.0,14:00 - 16:00,3,80,0.95,12,1,1,83.3,SYNTHETIC DEMO LOG FOR DEVELOPMENT/TESTING ONLY
TRUE,DEMO-01340,C-02,Centre B - Singur Agro Hub,38.8,Wheat,1860.0,16:00 - 18:00,4,100,0.44,3,0,0,15.0,SYNTHETIC DEMO LOG FOR DEVELOPMENT/TESTING ONLY
TRUE,DEMO-01341,C-04,Centre D - Ranaghat Krishak Mandi,9.5,Maize,700.0,08:00 - 10:00,3,90,0.69,5,0,0,10.9,SYNTHETIC DEMO LOG FOR DEVELOPMENT/TESTING ONLY
TRUE,DEMO-01342,C-02,Centre B - Singur Agro Hub,41.7,Wheat,430.0,12:00 - 14:00,4,100,0.85,4,0,0,10.7,SYNTHETIC DEMO LOG FOR DEVELOPMENT/TESTING ONLY
TRUE,DEMO-01343,C-04,Centre D - Ranaghat Krishak Mandi,26.8,Maize,3260.0,10:00 - 12:00,3,90,0.79,7,0,0,41.3,SYNTHETIC DEMO LOG FOR DEVELOPMENT/TESTING ONLY
TRUE,DEMO-01344,C-05,Centre E - Kalyani Storage & Hub,28.6,Wheat,1530.0,16:00 - 18:00,2,50,0.19,4,0,1,26.3,SYNTHETIC DEMO LOG FOR DEVELOPMENT/TESTING ONLY
TRUE,DEMO-01345,C-02,Centre B - Singur Agro Hub,30.6,Paddy,1850.0,08:00 - 10:00,4,100,0.71,3,0,1,15.5,SYNTHETIC DEMO LOG FOR DEVELOPMENT/TESTING ONLY
TRUE,DEMO-01346,C-06,Centre F - Guskara Sub-Mandi,40.7,Paddy,770.0,08:00 - 10:00,2,40,0.89,13,1,1,92.9,SYNTHETIC DEMO LOG FOR DEVELOPMENT/TESTING ONLY
TRUE,DEMO-01347,C-01,Centre A - Burdwan Mandi,12.8,Potato,320.0,16:00 - 18:00,3,80,0.77,2,0,1,5.0,SYNTHETIC DEMO LOG FOR DEVELOPMENT/TESTING ONLY
TRUE,DEMO-01348,C-01,Centre A - Burdwan Mandi,6.6,Paddy,1680.0,12:00 - 14:00,3,80,0.26,5,0,1,25.6,SYNTHETIC DEMO LOG FOR DEVELOPMENT/TESTING ONLY
TRUE,DEMO-01349,C-05,Centre E - Kalyani Storage & Hub,12.9,Paddy,1640.0,10:00 - 12:00,2,50,0.39,3,0,1,24.5,SYNTHETIC DEMO LOG FOR DEVELOPMENT/TESTING ONLY
TRUE,DEMO-01350,C-02,Centre B - Singur Agro Hub,3.0,Potato,3370.0,16:00 - 18:00,4,100,0.23,0,0,1,22.2,SYNTHETIC DEMO LOG FOR DEVELOPMENT/TESTING ONLY
TRUE,DEMO-01351,C-02,Centre B - Singur Agro Hub,35.3,Potato,2080.0,12:00 - 14:00,4,100,0.87,12,0,1,46.0,SYNTHETIC DEMO LOG FOR DEVELOPMENT/TESTING ONLY
TRUE,DEMO-01352,C-06,Centre F - Guskara Sub-Mandi,10.2,Maize,880.0,14:00 - 16:00,2,40,0.84,3,1,0,32.3,SYNTHETIC DEMO LOG FOR DEVELOPMENT/TESTING ONLY
TRUE,DEMO-01353,C-03,Centre C - Memari Procurement Depot,38.7,Maize,2850.0,16:00 - 18:00,2,60,0.51,3,0,1,36.0,SYNTHETIC DEMO LOG FOR DEVELOPMENT/TESTING ONLY
TRUE,DEMO-01354,C-02,Centre B - Singur Agro Hub,6.3,Maize,1850.0,12:00 - 14:00,4,100,0.19,4,0,0,13.8,SYNTHETIC DEMO LOG FOR DEVELOPMENT/TESTING ONLY
TRUE,DEMO-01355,C-01,Centre A - Burdwan Mandi,41.7,Paddy,1030.0,12:00 - 14:00,3,80,0.73,1,0,1,14.5,SYNTHETIC DEMO LOG FOR DEVELOPMENT/TESTING ONLY
TRUE,DEMO-01356,C-01,Centre A - Burdwan Mandi,12.4,Maize,1910.0,16:00 - 18:00,3,80,0.66,1,0,1,9.1,SYNTHETIC DEMO LOG FOR DEVELOPMENT/TESTING ONLY
TRUE,DEMO-01357,C-05,Centre E - Kalyani Storage & Hub,32.0,Potato,570.0,16:00 - 18:00,2,50,0.54,4,0,1,17.8,SYNTHETIC DEMO LOG FOR DEVELOPMENT/TESTING ONLY
TRUE,DEMO-01358,C-03,Centre C - Memari Procurement Depot,10.6,Mustard,3130.0,12:00 - 14:00,2,60,0.2,2,0,0,32.8,SYNTHETIC DEMO LOG FOR DEVELOPMENT/TESTING ONLY
TRUE,DEMO-01359,C-06,Centre F - Guskara Sub-Mandi,12.1,Wheat,440.0,08:00 - 10:00,2,40,0.94,17,1,0,101.5,SYNTHETIC DEMO LOG FOR DEVELOPMENT/TESTING ONLY
TRUE,DEMO-01360,C-03,Centre C - Memari Procurement Depot,27.7,Potato,2220.0,14:00 - 16:00,2,60,0.22,3,0,1,23.6,SYNTHETIC DEMO LOG FOR DEVELOPMENT/TESTING ONLY
TRUE,DEMO-01361,C-02,Centre B - Singur Agro Hub,6.5,Wheat,1840.0,08:00 - 10:00,4,100,0.34,3,0,0,9.6,SYNTHETIC DEMO LOG FOR DEVELOPMENT/TESTING ONLY
TRUE,DEMO-01362,C-02,Centre B - Singur Agro Hub,3.1,Potato,2780.0,08:00 - 10:00,4,100,0.31,5,0,1,23.9,SYNTHETIC DEMO LOG FOR DEVELOPMENT/TESTING ONLY
TRUE,DEMO-01363,C-04,Centre D - Ranaghat Krishak Mandi,22.7,Potato,1480.0,16:00 - 18:00,3,90,0.46,1,0,0,11.7,SYNTHETIC DEMO LOG FOR DEVELOPMENT/TESTING ONLY
TRUE,DEMO-01364,C-01,Centre A - Burdwan Mandi,40.6,Mustard,3440.0,08:00 - 10:00,3,80,0.46,2,0,1,23.4,SYNTHETIC DEMO LOG FOR DEVELOPMENT/TESTING ONLY
TRUE,DEMO-01365,C-04,Centre D - Ranaghat Krishak Mandi,12.0,Potato,2140.0,10:00 - 12:00,3,90,0.34,9,0,0,40.3,SYNTHETIC DEMO LOG FOR DEVELOPMENT/TESTING ONLY
TRUE,DEMO-01366,C-05,Centre E - Kalyani Storage & Hub,39.5,Potato,1020.0,08:00 - 10:00,2,50,0.2,1,0,1,7.0,SYNTHETIC DEMO LOG FOR DEVELOPMENT/TESTING ONLY
TRUE,DEMO-01367,C-04,Centre D - Ranaghat Krishak Mandi,3.9,Paddy,1350.0,12:00 - 14:00,3,90,0.69,2,0,1,13.2,SYNTHETIC DEMO LOG FOR DEVELOPMENT/TESTING ONLY
TRUE,DEMO-01368,C-04,Centre D - Ranaghat Krishak Mandi,5.3,Potato,3300.0,08:00 - 10:00,3,90,0.32,6,0,0,41.4,SYNTHETIC DEMO LOG FOR DEVELOPMENT/TESTING ONLY
TRUE,DEMO-01369,C-03,Centre C - Memari Procurement Depot,32.7,Paddy,3310.0,14:00 - 16:00,2,60,0.8,2,0,1,31.4,SYNTHETIC DEMO LOG FOR DEVELOPMENT/TESTING ONLY
TRUE,DEMO-01370,C-03,Centre C - Memari Procurement Depot,23.6,Wheat,380.0,16:00 - 18:00,2,60,0.9,11,0,0,53.5,SYNTHETIC DEMO LOG FOR DEVELOPMENT/TESTING ONLY
TRUE,DEMO-01371,C-04,Centre D - Ranaghat Krishak Mandi,10.8,Wheat,650.0,08:00 - 10:00,3,90,0.96,11,1,1,63.8,SYNTHETIC DEMO LOG FOR DEVELOPMENT/TESTING ONLY
TRUE,DEMO-01372,C-06,Centre F - Guskara Sub-Mandi,44.1,Paddy,2500.0,08:00 - 10:00,2,40,0.69,4,1,1,57.2,SYNTHETIC DEMO LOG FOR DEVELOPMENT/TESTING ONLY
TRUE,DEMO-01373,C-01,Centre A - Burdwan Mandi,38.0,Potato,1090.0,14:00 - 16:00,3,80,0.64,2,0,1,12.8,SYNTHETIC DEMO LOG FOR DEVELOPMENT/TESTING ONLY
TRUE,DEMO-01374,C-05,Centre E - Kalyani Storage & Hub,2.8,Mustard,1460.0,14:00 - 16:00,2,50,0.52,2,0,1,16.7,SYNTHETIC DEMO LOG FOR DEVELOPMENT/TESTING ONLY
TRUE,DEMO-01375,C-04,Centre D - Ranaghat Krishak Mandi,24.9,Paddy,2380.0,14:00 - 16:00,3,90,0.18,5,0,1,34.6,SYNTHETIC DEMO LOG FOR DEVELOPMENT/TESTING ONLY
TRUE,DEMO-01376,C-03,Centre C - Memari Procurement Depot,11.3,Wheat,290.0,16:00 - 18:00,2,60,0.75,3,0,0,10.3,SYNTHETIC DEMO LOG FOR DEVELOPMENT/TESTING ONLY
TRUE,DEMO-01377,C-04,Centre D - Ranaghat Krishak Mandi,25.8,Potato,3340.0,08:00 - 10:00,3,90,0.92,11,1,0,80.6,SYNTHETIC DEMO LOG FOR DEVELOPMENT/TESTING ONLY
TRUE,DEMO-01378,C-05,Centre E - Kalyani Storage & Hub,9.0,Maize,1460.0,12:00 - 14:00,2,50,0.77,7,0,1,35.3,SYNTHETIC DEMO LOG FOR DEVELOPMENT/TESTING ONLY
TRUE,DEMO-01379,C-02,Centre B - Singur Agro Hub,36.4,Potato,3340.0,12:00 - 14:00,4,100,0.22,2,0,1,18.2,SYNTHETIC DEMO LOG FOR DEVELOPMENT/TESTING ONLY
TRUE,DEMO-01380,C-04,Centre D - Ranaghat Krishak Mandi,13.8,Potato,1090.0,16:00 - 18:00,3,90,0.36,3,0,0,14.0,SYNTHETIC DEMO LOG FOR DEVELOPMENT/TESTING ONLY
TRUE,DEMO-01381,C-05,Centre E - Kalyani Storage & Hub,15.2,Potato,2380.0,08:00 - 10:00,2,50,0.84,7,0,1,40.2,SYNTHETIC DEMO LOG FOR DEVELOPMENT/TESTING ONLY
TRUE,DEMO-01382,C-01,Centre A - Burdwan Mandi,43.5,Mustard,1780.0,08:00 - 10:00,3,80,0.85,2,0,1,16.4,SYNTHETIC DEMO LOG FOR DEVELOPMENT/TESTING ONLY
TRUE,DEMO-01383,C-01,Centre A - Burdwan Mandi,13.9,Maize,2210.0,08:00 - 10:00,3,80,0.41,1,0,1,18.9,SYNTHETIC DEMO LOG FOR DEVELOPMENT/TESTING ONLY
TRUE,DEMO-01384,C-03,Centre C - Memari Procurement Depot,7.5,Wheat,2280.0,14:00 - 16:00,2,60,0.27,4,0,0,36.9,SYNTHETIC DEMO LOG FOR DEVELOPMENT/TESTING ONLY
TRUE,DEMO-01385,C-01,Centre A - Burdwan Mandi,30.1,Paddy,810.0,08:00 - 10:00,3,80,0.57,4,0,1,13.0,SYNTHETIC DEMO LOG FOR DEVELOPMENT/TESTING ONLY
TRUE,DEMO-01386,C-02,Centre B - Singur Agro Hub,43.9,Potato,250.0,12:00 - 14:00,4,100,0.85,6,0,1,15.3,SYNTHETIC DEMO LOG FOR DEVELOPMENT/TESTING ONLY
TRUE,DEMO-01387,C-05,Centre E - Kalyani Storage & Hub,12.1,Potato,560.0,16:00 - 18:00,2,50,0.57,1,0,1,9.1,SYNTHETIC DEMO LOG FOR DEVELOPMENT/TESTING ONLY
TRUE,DEMO-01388,C-05,Centre E - Kalyani Storage & Hub,5.1,Wheat,1610.0,14:00 - 16:00,2,50,0.38,0,0,1,11.9,SYNTHETIC DEMO LOG FOR DEVELOPMENT/TESTING ONLY
TRUE,DEMO-01389,C-05,Centre E - Kalyani Storage & Hub,43.9,Wheat,3160.0,12:00 - 14:00,2,50,0.46,7,0,1,45.8,SYNTHETIC DEMO LOG FOR DEVELOPMENT/TESTING ONLY
TRUE,DEMO-01390,C-03,Centre C - Memari Procurement Depot,42.0,Potato,3210.0,12:00 - 14:00,2,60,0.17,5,0,1,43.9,SYNTHETIC DEMO LOG FOR DEVELOPMENT/TESTING ONLY
TRUE,DEMO-01391,C-03,Centre C - Memari Procurement Depot,35.7,Maize,2550.0,16:00 - 18:00,2,60,0.93,10,1,1,95.1,SYNTHETIC DEMO LOG FOR DEVELOPMENT/TESTING ONLY
TRUE,DEMO-01392,C-04,Centre D - Ranaghat Krishak Mandi,43.2,Potato,3470.0,08:00 - 10:00,3,90,0.62,8,0,0,44.3,SYNTHETIC DEMO LOG FOR DEVELOPMENT/TESTING ONLY
TRUE,DEMO-01393,C-06,Centre F - Guskara Sub-Mandi,25.2,Maize,600.0,14:00 - 16:00,2,40,0.88,13,1,0,82.6,SYNTHETIC DEMO LOG FOR DEVELOPMENT/TESTING ONLY
TRUE,DEMO-01394,C-04,Centre D - Ranaghat Krishak Mandi,10.4,Wheat,2100.0,12:00 - 14:00,3,90,0.91,13,1,1,80.9,SYNTHETIC DEMO LOG FOR DEVELOPMENT/TESTING ONLY
TRUE,DEMO-01395,C-03,Centre C - Memari Procurement Depot,15.5,Paddy,3410.0,14:00 - 16:00,2,60,0.73,3,0,1,40.8,SYNTHETIC DEMO LOG FOR DEVELOPMENT/TESTING ONLY
TRUE,DEMO-01396,C-01,Centre A - Burdwan Mandi,23.7,Wheat,3220.0,16:00 - 18:00,3,80,0.69,3,0,1,27.1,SYNTHETIC DEMO LOG FOR DEVELOPMENT/TESTING ONLY
TRUE,DEMO-01397,C-04,Centre D - Ranaghat Krishak Mandi,26.5,Mustard,2930.0,10:00 - 12:00,3,90,0.25,7,0,1,37.6,SYNTHETIC DEMO LOG FOR DEVELOPMENT/TESTING ONLY
TRUE,DEMO-01398,C-05,Centre E - Kalyani Storage & Hub,13.2,Paddy,1150.0,16:00 - 18:00,2,50,0.41,0,0,1,5.0,SYNTHETIC DEMO LOG FOR DEVELOPMENT/TESTING ONLY
TRUE,DEMO-01399,C-04,Centre D - Ranaghat Krishak Mandi,26.8,Maize,2290.0,10:00 - 12:00,3,90,0.79,10,0,0,40.0,SYNTHETIC DEMO LOG FOR DEVELOPMENT/TESTING ONLY
TRUE,DEMO-01400,C-01,Centre A - Burdwan Mandi,34.9,Mustard,2550.0,12:00 - 14:00,3,80,0.54,1,0,1,18.5,SYNTHETIC DEMO LOG FOR DEVELOPMENT/TESTING ONLY
TRUE,DEMO-01401,C-01,Centre A - Burdwan Mandi,31.7,Mustard,3470.0,08:00 - 10:00,3,80,0.26,7,0,1,44.6,SYNTHETIC DEMO LOG FOR DEVELOPMENT/TESTING ONLY
TRUE,DEMO-01402,C-03,Centre C - Memari Procurement Depot,32.0,Paddy,1000.0,14:00 - 16:00,2,60,0.39,2,0,1,11.8,SYNTHETIC DEMO LOG FOR DEVELOPMENT/TESTING ONLY
TRUE,DEMO-01403,C-03,Centre C - Memari Procurement Depot,28.5,Maize,3480.0,16:00 - 18:00,2,60,0.19,3,0,1,36.3,SYNTHETIC DEMO LOG FOR DEVELOPMENT/TESTING ONLY
TRUE,DEMO-01404,C-04,Centre D - Ranaghat Krishak Mandi,14.4,Mustard,1770.0,14:00 - 16:00,3,90,0.26,1,0,1,17.5,SYNTHETIC DEMO LOG FOR DEVELOPMENT/TESTING ONLY
TRUE,DEMO-01405,C-05,Centre E - Kalyani Storage & Hub,8.5,Maize,230.0,08:00 - 10:00,2,50,0.64,6,0,1,20.0,SYNTHETIC DEMO LOG FOR DEVELOPMENT/TESTING ONLY
TRUE,DEMO-01406,C-02,Centre B - Singur Agro Hub,14.0,Maize,2750.0,16:00 - 18:00,4,100,0.34,2,0,0,18.6,SYNTHETIC DEMO LOG FOR DEVELOPMENT/TESTING ONLY
TRUE,DEMO-01407,C-01,Centre A - Burdwan Mandi,40.6,Maize,2110.0,16:00 - 18:00,3,80,0.85,2,0,1,17.2,SYNTHETIC DEMO LOG FOR DEVELOPMENT/TESTING ONLY
TRUE,DEMO-01408,C-02,Centre B - Singur Agro Hub,37.0,Paddy,2620.0,08:00 - 10:00,4,100,0.97,10,1,1,68.5,SYNTHETIC DEMO LOG FOR DEVELOPMENT/TESTING ONLY
TRUE,DEMO-01409,C-03,Centre C - Memari Procurement Depot,15.5,Maize,1350.0,16:00 - 18:00,2,60,0.29,1,0,1,12.2,SYNTHETIC DEMO LOG FOR DEVELOPMENT/TESTING ONLY
TRUE,DEMO-01410,C-02,Centre B - Singur Agro Hub,44.5,Wheat,2690.0,12:00 - 14:00,4,100,0.92,10,1,0,66.7,SYNTHETIC DEMO LOG FOR DEVELOPMENT/TESTING ONLY
TRUE,DEMO-01411,C-01,Centre A - Burdwan Mandi,38.1,Paddy,2690.0,16:00 - 18:00,3,80,0.17,4,0,1,30.4,SYNTHETIC DEMO LOG FOR DEVELOPMENT/TESTING ONLY
TRUE,DEMO-01412,C-02,Centre B - Singur Agro Hub,37.8,Potato,290.0,14:00 - 16:00,4,100,0.32,6,0,1,11.1,SYNTHETIC DEMO LOG FOR DEVELOPMENT/TESTING ONLY
TRUE,DEMO-01413,C-05,Centre E - Kalyani Storage & Hub,24.4,Mustard,2940.0,14:00 - 16:00,2,50,0.39,1,0,1,21.9,SYNTHETIC DEMO LOG FOR DEVELOPMENT/TESTING ONLY
TRUE,DEMO-01414,C-04,Centre D - Ranaghat Krishak Mandi,13.3,Mustard,3050.0,14:00 - 16:00,3,90,0.97,8,1,1,69.7,SYNTHETIC DEMO LOG FOR DEVELOPMENT/TESTING ONLY
TRUE,DEMO-01415,C-03,Centre C - Memari Procurement Depot,33.3,Potato,1280.0,10:00 - 12:00,2,60,0.57,4,0,1,21.8,SYNTHETIC DEMO LOG FOR DEVELOPMENT/TESTING ONLY
TRUE,DEMO-01416,C-01,Centre A - Burdwan Mandi,20.6,Wheat,3280.0,08:00 - 10:00,3,80,0.81,3,0,1,25.7,SYNTHETIC DEMO LOG FOR DEVELOPMENT/TESTING ONLY
TRUE,DEMO-01417,C-05,Centre E - Kalyani Storage & Hub,12.6,Potato,2130.0,08:00 - 10:00,2,50,0.87,7,0,1,53.8,SYNTHETIC DEMO LOG FOR DEVELOPMENT/TESTING ONLY
TRUE,DEMO-01418,C-02,Centre B - Singur Agro Hub,7.7,Mustard,2290.0,12:00 - 14:00,4,100,0.22,4,0,1,20.6,SYNTHETIC DEMO LOG FOR DEVELOPMENT/TESTING ONLY
TRUE,DEMO-01419,C-06,Centre F - Guskara Sub-Mandi,20.7,Paddy,1820.0,08:00 - 10:00,2,40,0.66,6,1,1,62.7,SYNTHETIC DEMO LOG FOR DEVELOPMENT/TESTING ONLY
TRUE,DEMO-01420,C-05,Centre E - Kalyani Storage & Hub,12.1,Mustard,1350.0,16:00 - 18:00,2,50,0.59,4,0,1,24.3,SYNTHETIC DEMO LOG FOR DEVELOPMENT/TESTING ONLY
TRUE,DEMO-01421,C-03,Centre C - Memari Procurement Depot,30.7,Paddy,1820.0,12:00 - 14:00,2,60,0.67,5,0,1,29.6,SYNTHETIC DEMO LOG FOR DEVELOPMENT/TESTING ONLY
TRUE,DEMO-01422,C-02,Centre B - Singur Agro Hub,20.0,Potato,1680.0,12:00 - 14:00,4,100,0.36,3,0,1,13.3,SYNTHETIC DEMO LOG FOR DEVELOPMENT/TESTING ONLY
TRUE,DEMO-01423,C-02,Centre B - Singur Agro Hub,30.4,Mustard,1350.0,12:00 - 14:00,4,100,0.48,1,0,1,13.0,SYNTHETIC DEMO LOG FOR DEVELOPMENT/TESTING ONLY
TRUE,DEMO-01424,C-04,Centre D - Ranaghat Krishak Mandi,31.6,Maize,300.0,14:00 - 16:00,3,90,0.37,2,0,0,5.0,SYNTHETIC DEMO LOG FOR DEVELOPMENT/TESTING ONLY
TRUE,DEMO-01425,C-04,Centre D - Ranaghat Krishak Mandi,35.2,Potato,1060.0,16:00 - 18:00,3,90,0.41,2,0,0,9.4,SYNTHETIC DEMO LOG FOR DEVELOPMENT/TESTING ONLY
TRUE,DEMO-01426,C-01,Centre A - Burdwan Mandi,33.3,Wheat,1320.0,14:00 - 16:00,3,80,0.83,2,0,1,14.3,SYNTHETIC DEMO LOG FOR DEVELOPMENT/TESTING ONLY
TRUE,DEMO-01427,C-04,Centre D - Ranaghat Krishak Mandi,39.7,Paddy,1970.0,16:00 - 18:00,3,90,0.8,1,0,1,20.4,SYNTHETIC DEMO LOG FOR DEVELOPMENT/TESTING ONLY
TRUE,DEMO-01428,C-02,Centre B - Singur Agro Hub,2.9,Maize,2580.0,16:00 - 18:00,4,100,0.82,0,0,0,12.6,SYNTHETIC DEMO LOG FOR DEVELOPMENT/TESTING ONLY
TRUE,DEMO-01429,C-06,Centre F - Guskara Sub-Mandi,35.0,Wheat,2020.0,12:00 - 14:00,2,40,0.69,4,1,0,51.9,SYNTHETIC DEMO LOG FOR DEVELOPMENT/TESTING ONLY
TRUE,DEMO-01430,C-02,Centre B - Singur Agro Hub,39.0,Maize,960.0,14:00 - 16:00,4,100,0.82,5,0,0,15.3,SYNTHETIC DEMO LOG FOR DEVELOPMENT/TESTING ONLY
TRUE,DEMO-01431,C-03,Centre C - Memari Procurement Depot,25.8,Mustard,1020.0,10:00 - 12:00,2,60,0.16,10,0,0,43.3,SYNTHETIC DEMO LOG FOR DEVELOPMENT/TESTING ONLY
TRUE,DEMO-01432,C-05,Centre E - Kalyani Storage & Hub,3.8,Mustard,1130.0,14:00 - 16:00,2,50,0.17,4,0,1,18.0,SYNTHETIC DEMO LOG FOR DEVELOPMENT/TESTING ONLY
TRUE,DEMO-01433,C-06,Centre F - Guskara Sub-Mandi,13.7,Paddy,610.0,08:00 - 10:00,2,40,0.8,6,1,1,50.1,SYNTHETIC DEMO LOG FOR DEVELOPMENT/TESTING ONLY
TRUE,DEMO-01434,C-03,Centre C - Memari Procurement Depot,5.2,Potato,2580.0,08:00 - 10:00,2,60,0.78,4,0,1,38.3,SYNTHETIC DEMO LOG FOR DEVELOPMENT/TESTING ONLY
TRUE,DEMO-01435,C-01,Centre A - Burdwan Mandi,41.5,Maize,520.0,16:00 - 18:00,3,80,0.64,2,0,1,11.0,SYNTHETIC DEMO LOG FOR DEVELOPMENT/TESTING ONLY
TRUE,DEMO-01436,C-03,Centre C - Memari Procurement Depot,34.0,Mustard,1200.0,16:00 - 18:00,2,60,0.53,1,0,0,7.9,SYNTHETIC DEMO LOG FOR DEVELOPMENT/TESTING ONLY
TRUE,DEMO-01437,C-06,Centre F - Guskara Sub-Mandi,18.2,Maize,1620.0,14:00 - 16:00,2,40,0.33,3,1,0,45.5,SYNTHETIC DEMO LOG FOR DEVELOPMENT/TESTING ONLY
TRUE,DEMO-01438,C-06,Centre F - Guskara Sub-Mandi,12.5,Maize,260.0,16:00 - 18:00,2,40,0.56,2,1,0,31.9,SYNTHETIC DEMO LOG FOR DEVELOPMENT/TESTING ONLY
TRUE,DEMO-01439,C-03,Centre C - Memari Procurement Depot,21.4,Maize,2110.0,08:00 - 10:00,2,60,0.17,7,0,1,38.2,SYNTHETIC DEMO LOG FOR DEVELOPMENT/TESTING ONLY
TRUE,DEMO-01440,C-01,Centre A - Burdwan Mandi,8.2,Wheat,2280.0,12:00 - 14:00,3,80,0.22,4,0,1,25.3,SYNTHETIC DEMO LOG FOR DEVELOPMENT/TESTING ONLY
TRUE,DEMO-01441,C-02,Centre B - Singur Agro Hub,12.7,Mustard,670.0,16:00 - 18:00,4,100,0.66,2,0,1,6.3,SYNTHETIC DEMO LOG FOR DEVELOPMENT/TESTING ONLY
TRUE,DEMO-01442,C-02,Centre B - Singur Agro Hub,12.8,Potato,1230.0,14:00 - 16:00,4,100,0.43,1,0,1,5.0,SYNTHETIC DEMO LOG FOR DEVELOPMENT/TESTING ONLY
TRUE,DEMO-01443,C-03,Centre C - Memari Procurement Depot,19.5,Maize,220.0,16:00 - 18:00,2,60,0.72,3,0,1,13.3,SYNTHETIC DEMO LOG FOR DEVELOPMENT/TESTING ONLY
TRUE,DEMO-01444,C-03,Centre C - Memari Procurement Depot,21.8,Paddy,1790.0,12:00 - 14:00,2,60,0.61,6,0,1,31.7,SYNTHETIC DEMO LOG FOR DEVELOPMENT/TESTING ONLY
TRUE,DEMO-01445,C-06,Centre F - Guskara Sub-Mandi,20.3,Potato,460.0,08:00 - 10:00,2,40,0.26,1,1,0,26.4,SYNTHETIC DEMO LOG FOR DEVELOPMENT/TESTING ONLY
TRUE,DEMO-01446,C-02,Centre B - Singur Agro Hub,3.7,Mustard,1600.0,08:00 - 10:00,4,100,0.29,7,0,1,20.4,SYNTHETIC DEMO LOG FOR DEVELOPMENT/TESTING ONLY
TRUE,DEMO-01447,C-04,Centre D - Ranaghat Krishak Mandi,20.0,Paddy,230.0,16:00 - 18:00,3,90,0.25,4,0,1,9.8,SYNTHETIC DEMO LOG FOR DEVELOPMENT/TESTING ONLY
TRUE,DEMO-01448,C-03,Centre C - Memari Procurement Depot,28.4,Maize,1430.0,12:00 - 14:00,2,60,0.69,1,0,1,8.9,SYNTHETIC DEMO LOG FOR DEVELOPMENT/TESTING ONLY
TRUE,DEMO-01449,C-05,Centre E - Kalyani Storage & Hub,42.9,Paddy,1430.0,16:00 - 18:00,2,50,0.65,2,0,1,17.4,SYNTHETIC DEMO LOG FOR DEVELOPMENT/TESTING ONLY
TRUE,DEMO-01450,C-06,Centre F - Guskara Sub-Mandi,24.5,Paddy,2940.0,10:00 - 12:00,2,40,0.16,5,1,1,68.0,SYNTHETIC DEMO LOG FOR DEVELOPMENT/TESTING ONLY
TRUE,DEMO-01451,C-02,Centre B - Singur Agro Hub,44.7,Mustard,220.0,08:00 - 10:00,4,100,0.73,2,0,1,7.4,SYNTHETIC DEMO LOG FOR DEVELOPMENT/TESTING ONLY
TRUE,DEMO-01452,C-01,Centre A - Burdwan Mandi,22.2,Potato,720.0,16:00 - 18:00,3,80,0.44,2,0,1,11.2,SYNTHETIC DEMO LOG FOR DEVELOPMENT/TESTING ONLY
TRUE,DEMO-01453,C-02,Centre B - Singur Agro Hub,41.9,Wheat,1110.0,08:00 - 10:00,4,100,0.83,7,0,0,15.8,SYNTHETIC DEMO LOG FOR DEVELOPMENT/TESTING ONLY
TRUE,DEMO-01454,C-05,Centre E - Kalyani Storage & Hub,26.1,Mustard,2320.0,12:00 - 14:00,2,50,0.32,5,0,1,32.0,SYNTHETIC DEMO LOG FOR DEVELOPMENT/TESTING ONLY
TRUE,DEMO-01455,C-01,Centre A - Burdwan Mandi,9.7,Paddy,2060.0,12:00 - 14:00,3,80,0.26,4,0,1,20.9,SYNTHETIC DEMO LOG FOR DEVELOPMENT/TESTING ONLY
TRUE,DEMO-01456,C-05,Centre E - Kalyani Storage & Hub,13.9,Maize,2860.0,16:00 - 18:00,2,50,0.87,10,0,1,67.1,SYNTHETIC DEMO LOG FOR DEVELOPMENT/TESTING ONLY
TRUE,DEMO-01457,C-02,Centre B - Singur Agro Hub,35.7,Paddy,3460.0,08:00 - 10:00,4,100,0.23,7,0,1,31.3,SYNTHETIC DEMO LOG FOR DEVELOPMENT/TESTING ONLY
TRUE,DEMO-01458,C-01,Centre A - Burdwan Mandi,40.5,Wheat,370.0,08:00 - 10:00,3,80,0.57,4,0,1,13.2,SYNTHETIC DEMO LOG FOR DEVELOPMENT/TESTING ONLY
TRUE,DEMO-01459,C-06,Centre F - Guskara Sub-Mandi,15.0,Mustard,2710.0,12:00 - 14:00,2,40,0.35,3,1,1,56.9,SYNTHETIC DEMO LOG FOR DEVELOPMENT/TESTING ONLY
TRUE,DEMO-01460,C-03,Centre C - Memari Procurement Depot,15.6,Wheat,460.0,16:00 - 18:00,2,60,0.65,1,0,0,5.0,SYNTHETIC DEMO LOG FOR DEVELOPMENT/TESTING ONLY
TRUE,DEMO-01461,C-02,Centre B - Singur Agro Hub,38.1,Wheat,2050.0,10:00 - 12:00,4,100,0.56,9,0,0,24.9,SYNTHETIC DEMO LOG FOR DEVELOPMENT/TESTING ONLY
TRUE,DEMO-01462,C-04,Centre D - Ranaghat Krishak Mandi,3.1,Wheat,1410.0,10:00 - 12:00,3,90,0.54,8,0,1,25.2,SYNTHETIC DEMO LOG FOR DEVELOPMENT/TESTING ONLY
TRUE,DEMO-01463,C-06,Centre F - Guskara Sub-Mandi,28.5,Mustard,3090.0,10:00 - 12:00,2,40,0.91,9,1,1,98.0,SYNTHETIC DEMO LOG FOR DEVELOPMENT/TESTING ONLY
TRUE,DEMO-01464,C-01,Centre A - Burdwan Mandi,17.5,Paddy,840.0,14:00 - 16:00,3,80,0.64,2,0,1,14.6,SYNTHETIC DEMO LOG FOR DEVELOPMENT/TESTING ONLY
TRUE,DEMO-01465,C-03,Centre C - Memari Procurement Depot,41.6,Wheat,2200.0,16:00 - 18:00,2,60,0.18,1,0,0,20.2,SYNTHETIC DEMO LOG FOR DEVELOPMENT/TESTING ONLY
TRUE,DEMO-01466,C-06,Centre F - Guskara Sub-Mandi,28.9,Wheat,3400.0,12:00 - 14:00,2,40,0.83,7,1,0,76.9,SYNTHETIC DEMO LOG FOR DEVELOPMENT/TESTING ONLY
TRUE,DEMO-01467,C-04,Centre D - Ranaghat Krishak Mandi,23.1,Maize,1760.0,14:00 - 16:00,3,90,0.88,15,0,0,64.8,SYNTHETIC DEMO LOG FOR DEVELOPMENT/TESTING ONLY
TRUE,DEMO-01468,C-05,Centre E - Kalyani Storage & Hub,39.4,Paddy,630.0,10:00 - 12:00,2,50,0.5,10,0,1,41.0,SYNTHETIC DEMO LOG FOR DEVELOPMENT/TESTING ONLY
TRUE,DEMO-01469,C-01,Centre A - Burdwan Mandi,15.5,Mustard,3030.0,08:00 - 10:00,3,80,0.38,7,0,1,33.3,SYNTHETIC DEMO LOG FOR DEVELOPMENT/TESTING ONLY
TRUE,DEMO-01470,C-03,Centre C - Memari Procurement Depot,40.9,Wheat,2140.0,10:00 - 12:00,2,60,0.93,15,1,0,100.6,SYNTHETIC DEMO LOG FOR DEVELOPMENT/TESTING ONLY
TRUE,DEMO-01471,C-04,Centre D - Ranaghat Krishak Mandi,4.8,Mustard,2920.0,08:00 - 10:00,3,90,0.57,6,0,1,37.5,SYNTHETIC DEMO LOG FOR DEVELOPMENT/TESTING ONLY
TRUE,DEMO-01472,C-03,Centre C - Memari Procurement Depot,31.6,Maize,1550.0,10:00 - 12:00,2,60,0.68,10,0,1,49.0,SYNTHETIC DEMO LOG FOR DEVELOPMENT/TESTING ONLY
TRUE,DEMO-01473,C-01,Centre A - Burdwan Mandi,26.1,Wheat,590.0,12:00 - 14:00,3,80,0.54,6,0,1,23.8,SYNTHETIC DEMO LOG FOR DEVELOPMENT/TESTING ONLY
TRUE,DEMO-01474,C-01,Centre A - Burdwan Mandi,9.8,Potato,490.0,08:00 - 10:00,3,80,0.41,5,0,1,18.4,SYNTHETIC DEMO LOG FOR DEVELOPMENT/TESTING ONLY
TRUE,DEMO-01475,C-01,Centre A - Burdwan Mandi,11.4,Paddy,1440.0,08:00 - 10:00,3,80,0.22,6,0,1,23.5,SYNTHETIC DEMO LOG FOR DEVELOPMENT/TESTING ONLY
TRUE,DEMO-01476,C-06,Centre F - Guskara Sub-Mandi,15.4,Paddy,1450.0,10:00 - 12:00,2,40,0.39,4,1,1,53.5,SYNTHETIC DEMO LOG FOR DEVELOPMENT/TESTING ONLY
TRUE,DEMO-01477,C-05,Centre E - Kalyani Storage & Hub,11.7,Wheat,820.0,14:00 - 16:00,2,50,0.88,7,0,1,44.9,SYNTHETIC DEMO LOG FOR DEVELOPMENT/TESTING ONLY
TRUE,DEMO-01478,C-01,Centre A - Burdwan Mandi,26.9,Mustard,1350.0,12:00 - 14:00,3,80,0.68,4,0,1,21.3,SYNTHETIC DEMO LOG FOR DEVELOPMENT/TESTING ONLY
TRUE,DEMO-01479,C-06,Centre F - Guskara Sub-Mandi,42.8,Paddy,2130.0,08:00 - 10:00,2,40,0.28,5,1,1,60.9,SYNTHETIC DEMO LOG FOR DEVELOPMENT/TESTING ONLY
TRUE,DEMO-01480,C-06,Centre F - Guskara Sub-Mandi,16.7,Wheat,3400.0,10:00 - 12:00,2,40,0.61,9,1,0,83.7,SYNTHETIC DEMO LOG FOR DEVELOPMENT/TESTING ONLY
TRUE,DEMO-01481,C-03,Centre C - Memari Procurement Depot,35.3,Potato,1050.0,16:00 - 18:00,2,60,0.54,0,0,1,11.7,SYNTHETIC DEMO LOG FOR DEVELOPMENT/TESTING ONLY
TRUE,DEMO-01482,C-02,Centre B - Singur Agro Hub,22.1,Mustard,1270.0,10:00 - 12:00,4,100,0.62,8,0,1,23.5,SYNTHETIC DEMO LOG FOR DEVELOPMENT/TESTING ONLY
TRUE,DEMO-01483,C-01,Centre A - Burdwan Mandi,29.1,Wheat,3070.0,08:00 - 10:00,3,80,0.16,4,0,1,27.1,SYNTHETIC DEMO LOG FOR DEVELOPMENT/TESTING ONLY
TRUE,DEMO-01484,C-01,Centre A - Burdwan Mandi,15.2,Paddy,1740.0,12:00 - 14:00,3,80,0.3,1,0,1,17.4,SYNTHETIC DEMO LOG FOR DEVELOPMENT/TESTING ONLY
TRUE,DEMO-01485,C-05,Centre E - Kalyani Storage & Hub,26.8,Mustard,1640.0,16:00 - 18:00,2,50,0.48,4,0,1,25.1,SYNTHETIC DEMO LOG FOR DEVELOPMENT/TESTING ONLY
TRUE,DEMO-01486,C-03,Centre C - Memari Procurement Depot,14.9,Mustard,3400.0,14:00 - 16:00,2,60,0.88,13,0,0,90.6,SYNTHETIC DEMO LOG FOR DEVELOPMENT/TESTING ONLY
TRUE,DEMO-01487,C-01,Centre A - Burdwan Mandi,35.3,Mustard,3350.0,14:00 - 16:00,3,80,0.48,0,0,1,15.0,SYNTHETIC DEMO LOG FOR DEVELOPMENT/TESTING ONLY
TRUE,DEMO-01488,C-05,Centre E - Kalyani Storage & Hub,42.9,Maize,2070.0,10:00 - 12:00,2,50,0.27,8,0,1,41.6,SYNTHETIC DEMO LOG FOR DEVELOPMENT/TESTING ONLY
TRUE,DEMO-01489,C-01,Centre A - Burdwan Mandi,36.1,Potato,670.0,12:00 - 14:00,3,80,0.44,3,0,1,7.1,SYNTHETIC DEMO LOG FOR DEVELOPMENT/TESTING ONLY
TRUE,DEMO-01490,C-02,Centre B - Singur Agro Hub,15.2,Paddy,810.0,12:00 - 14:00,4,100,0.86,13,0,1,43.0,SYNTHETIC DEMO LOG FOR DEVELOPMENT/TESTING ONLY
TRUE,DEMO-01491,C-02,Centre B - Singur Agro Hub,38.4,Paddy,1440.0,16:00 - 18:00,4,100,0.55,2,0,1,6.5,SYNTHETIC DEMO LOG FOR DEVELOPMENT/TESTING ONLY
TRUE,DEMO-01492,C-06,Centre F - Guskara Sub-Mandi,30.7,Paddy,2940.0,14:00 - 16:00,2,40,0.74,5,1,1,66.3,SYNTHETIC DEMO LOG FOR DEVELOPMENT/TESTING ONLY
TRUE,DEMO-01493,C-01,Centre A - Burdwan Mandi,15.7,Mustard,3290.0,10:00 - 12:00,3,80,0.48,4,0,1,29.8,SYNTHETIC DEMO LOG FOR DEVELOPMENT/TESTING ONLY
TRUE,DEMO-01494,C-04,Centre D - Ranaghat Krishak Mandi,25.0,Maize,1340.0,14:00 - 16:00,3,90,0.71,6,0,0,27.9,SYNTHETIC DEMO LOG FOR DEVELOPMENT/TESTING ONLY
TRUE,DEMO-01495,C-01,Centre A - Burdwan Mandi,9.7,Paddy,980.0,16:00 - 18:00,3,80,0.45,2,0,1,15.1,SYNTHETIC DEMO LOG FOR DEVELOPMENT/TESTING ONLY
TRUE,DEMO-01496,C-04,Centre D - Ranaghat Krishak Mandi,7.9,Potato,820.0,10:00 - 12:00,3,90,0.33,6,0,0,19.9,SYNTHETIC DEMO LOG FOR DEVELOPMENT/TESTING ONLY
TRUE,DEMO-01497,C-03,Centre C - Memari Procurement Depot,20.3,Mustard,1140.0,10:00 - 12:00,2,60,0.47,10,0,0,51.5,SYNTHETIC DEMO LOG FOR DEVELOPMENT/TESTING ONLY
TRUE,DEMO-01498,C-04,Centre D - Ranaghat Krishak Mandi,19.1,Paddy,1910.0,10:00 - 12:00,3,90,0.24,9,0,1,36.2,SYNTHETIC DEMO LOG FOR DEVELOPMENT/TESTING ONLY
TRUE,DEMO-01499,C-03,Centre C - Memari Procurement Depot,36.6,Potato,240.0,14:00 - 16:00,2,60,0.41,4,0,1,13.5,SYNTHETIC DEMO LOG FOR DEVELOPMENT/TESTING ONLY
TRUE,DEMO-01500,C-04,Centre D - Ranaghat Krishak Mandi,35.2,Mustard,1200.0,14:00 - 16:00,3,90,0.36,4,0,1,20.1,SYNTHETIC DEMO LOG FOR DEVELOPMENT/TESTING ONLY
